FECHA,PAIS ORIGEN,FOB U$S,TOTAL KGS NETO
2008-10-27,CHINA,359550.25,575000.0
2009-02-18,RUSSIAN FEDERATION,75664.81,240000.0
2009-03-02,VENEZUELA,5781583.0,20648510.0
2009-03-04,PERU,76244.8,240000.0
2009-03-10,RUSSIAN FEDERATION,76144.81,240000.0
2009-03-12,RUSSIAN FEDERATION,76144.8,240000.0
2009-03-13,RUSSIAN FEDERATION,76144.81,240000.0
2009-03-15,RUSSIAN FEDERATION,392136.0,1000000.0
2009-03-17,RUSSIAN FEDERATION,85681.81,270000.0
2009-03-19,RUSSIAN FEDERATION,85700.71,270000.0
2009-03-20,RUSSIAN FEDERATION,82062.24,258480.0
2009-03-08,LATVIA,457245.0,1500000.0
2009-03-08,RUSSIAN FEDERATION,1575600.0,6000000.0
2009-03-04,RUSSIAN FEDERATION,1891481.38,6300000.0
2009-04-08,VENEZUELA,4232816.5,16502209.0
2009-03-23,RUSSIAN FEDERATION,1513160.0,5500000.0
2009-05-30,UNITED STATES,1733058.75,10069801.0
2009-05-08,RUSSIAN FEDERATION,1871156.0,6800000.0
2009-06-23,RUSSIAN FEDERATION,52480.0,160000.0
2009-06-24,RUSSIAN FEDERATION,78921.6,240000.0
2009-07-04,RUSSIAN FEDERATION,22440.0,66000.0
2009-07-29,RUSSIAN FEDERATION,76493.44,242400.0
2009-07-31,RUSSIAN FEDERATION,76493.44,242400.0
2009-07-15,RUSSIAN FEDERATION,2254500.0,12300000.0
2009-08-03,RUSSIAN FEDERATION,76493.44,242400.0
2009-07-27,RUSSIAN FEDERATION,20400.0,60000.0
2009-08-10,RUSSIAN FEDERATION,30600.0,90000.0
2009-08-07,RUSSIAN FEDERATION,86086.68,274210.0
2009-08-07,RUSSIAN FEDERATION,444.95,1789050.56
2009-08-10,RUSSIAN FEDERATION,350488.56,829389.0
2009-08-10,GERMANY,104.51,144.52
2009-08-17,RUSSIAN FEDERATION,20400.0,60000.0
2009-08-17,RUSSIAN FEDERATION,171829.14,406844.0
2009-08-21,RUSSIAN FEDERATION,10200.0,150000.0
2009-08-21,RUSSIAN FEDERATION,5100.0,92368.42
2009-08-21,RUSSIAN FEDERATION,5250.0,92368.42
2009-08-03,BELARUS,1466651.0,5519951.0
2009-08-26,RUSSIAN FEDERATION,22440.0,66000.0
2009-08-03,BELARUS,1274872.5,5400000.0
2009-09-02,RUSSIAN FEDERATION,30600.0,210000.0
2009-09-08,RUSSIAN FEDERATION,22440.0,66000.0
2009-09-09,RUSSIAN FEDERATION,10245.0,120000.0
2009-09-17,RUSSIAN FEDERATION,61110.0,180000.0
2009-09-14,RUSSIAN FEDERATION,20490.0,60000.0
2009-08-20,RUSSIAN FEDERATION,4049258.0,16210000.0
2009-09-23,RUSSIAN FEDERATION,30330.0,90000.0
2009-09-23,RUSSIAN FEDERATION,20520.0,90000.0
2009-09-25,RUSSIAN FEDERATION,30330.0,90000.0
2009-09-18,LATVIA,2769.75,92700.0
2009-09-18,LATVIA,55393.68,3812384.61
2009-10-06,RUSSIAN FEDERATION,40444.0,120000.0
2009-10-06,RUSSIAN FEDERATION,10140.0,30000.0
2009-10-09,RUSSIAN FEDERATION,60840.0,180000.0
2009-10-06,RUSSIAN FEDERATION,22327.8,66000.0
2009-10-14,RUSSIAN FEDERATION,20580.0,90000.0
2009-09-07,CHINA,3681291.75,11982100.0
2009-10-20,RUSSIAN FEDERATION,2611.75,60000.0
2009-10-25,GERMANY,205.94,381.73
2009-10-07,RUSSIAN FEDERATION,1181250.0,5000000.0
2009-10-27,RUSSIAN FEDERATION,39600.0,120000.0
2009-10-31,RUSSIAN FEDERATION,19800.0,60000.0
2009-11-05,RUSSIAN FEDERATION,19500.01,90000.0
2009-11-07,RUSSIAN FEDERATION,21846.0,66000.0
2009-11-10,LATVIA,19860.0,60000.0
2009-10-22,LITHUANIA,6215000.0,27500000.0
2009-11-04,PERU,10800.0,30000.0
2009-11-12,POLAND,9930.0,30000.0
2009-10-30,BELARUS,1320000.0,5500000.0
2009-10-30,BELARUS,4173201.25,15600700.0
2009-11-26,RUSSIAN FEDERATION,19800.0,60000.0
2009-11-25,RUSSIAN FEDERATION,19800.0,60000.0
2009-11-26,VENEZUELA,1445510.0,5500000.0
2009-12-11,RUSSIAN FEDERATION,19680.0,60000.0
2009-12-16,RUSSIAN FEDERATION,40800.0,120000.0
2009-12-17,RUSSIAN FEDERATION,29700.0,90000.0
2009-12-20,VENEZUELA,4322723.0,16159713.0
2009-12-23,VENEZUELA,1579057.5,5863563.0
2009-12-28,RUSSIAN FEDERATION,19800.0,60000.0
2010-01-06,RUSSIAN FEDERATION,29700.0,90000.0
2010-02-11,RUSSIAN FEDERATION,10050.0,30000.0
2010-01-13,BELARUS,2892093.0,10090000.0
2010-02-07,RUSSIAN FEDERATION,1807740.0,6000000.0
2010-02-07,RUSSIAN FEDERATION,1783500.0,6000000.0
2010-02-28,VENEZUELA,4519282.0,16227224.0
2010-02-07,RUSSIAN FEDERATION,1468998.12,5204599.0
2010-02-11,RUSSIAN FEDERATION,2223375.0,7700000.0
2010-03-07,VENEZUELA,4318730.0,15126901.0
2010-03-02,RUSSIAN FEDERATION,4466717.0,13203420.0
2010-03-28,GERMANY,22.6,820.0
2010-04-05,GERMANY,24.28,470.0
2010-04-13,COLOMBIA,1925.0,350.0
2010-05-04,VENEZUELA,4181096.25,16757901.0
2010-04-15,LATVIA,3994320.0,13200000.0
2010-05-17,RUSSIAN FEDERATION,30960.0,90000.0
2010-05-12,VENEZUELA,5250395.0,21651114.0
2010-05-09,RUSSIAN FEDERATION,1873608.0,6600000.0
2010-05-09,RUSSIAN FEDERATION,1880938.88,6600000.0
2010-07-15,VENEZUELA,4050243.25,16497936.0
2010-08-03,PERU,12000.0,40000.0
2010-07-24,RUSSIAN FEDERATION,4776444.0,16082303.0
2010-09-28,RUSSIAN FEDERATION,68400.0,180000.0
2010-09-28,RUSSIAN FEDERATION,68400.0,180000.0
2010-09-29,GERMANY,228.26,501.87
2010-10-05,RUSSIAN FEDERATION,79800.0,210000.0
2010-10-06,RUSSIAN FEDERATION,34200.0,90000.0
2010-10-13,RUSSIAN FEDERATION,79800.0,210000.0
2010-10-19,RUSSIAN FEDERATION,57000.0,150000.0
2010-10-10,UKRAINE,2279112.0,6600000.0
2010-10-10,UKRAINE,2279112.0,6600000.0
2010-10-10,UKRAINE,2425497.75,7699993.0
2010-11-15,GERMANY,33.37,715.91
2010-12-05,GERMANY,108.26,582.97
2010-11-21,SPAIN,77.4,13902.0
2010-11-04,BELARUS,3461400.0,9000000.0
2010-12-27,PERU,10360.0,37000.0
2011-01-04,PERU,11200.0,40000.0
2010-12-19,RUSSIAN FEDERATION,3718121.0,9350000.0
2011-01-14,PERU,11200.0,40000.0
2011-01-10,VENEZUELA,6026304.5,15755044.0
2011-02-09,RUSSIAN FEDERATION,70400.0,160000.0
2011-02-16,RUSSIAN FEDERATION,40950.0,90000.0
2011-02-09,VENEZUELA,6077416.5,16492311.0
2011-01-27,RUSSIAN FEDERATION,7218750.0,22036500.0
2011-02-23,RUSSIAN FEDERATION,66000.0,150000.0
2010-12-29,INDIA,37.6,1847.91
2011-03-02,RUSSIAN FEDERATION,79200.0,180000.0
2011-02-16,RUSSIAN FEDERATION,3011850.0,7500000.0
2011-02-28,RUSSIAN FEDERATION,54554.5,119900.0
2011-03-08,RUSSIAN FEDERATION,108960.0,240000.0
2011-02-16,RUSSIAN FEDERATION,3011850.0,7500000.0
2011-03-10,RUSSIAN FEDERATION,122580.0,270000.0
2011-03-09,COLOMBIA,1650.0,825.39
2011-03-16,RUSSIAN FEDERATION,67184.0,152000.0
2011-03-16,RUSSIAN FEDERATION,81720.0,180000.0
2011-03-17,RUSSIAN FEDERATION,40860.0,90000.0
2011-02-16,RUSSIAN FEDERATION,2845150.0,7700000.0
2011-03-18,RUSSIAN FEDERATION,68100.0,150000.0
2011-03-18,RUSSIAN FEDERATION,81720.0,180000.0
2011-03-18,RUSSIAN FEDERATION,40860.0,90000.0
2011-03-19,RUSSIAN FEDERATION,40860.0,90000.0
2011-03-19,RUSSIAN FEDERATION,68100.0,150000.0
2011-03-22,RUSSIAN FEDERATION,66300.0,150000.0
2011-03-23,RUSSIAN FEDERATION,91896.0,208000.0
2011-03-21,RUSSIAN FEDERATION,40860.0,90000.0
2011-03-28,CHINA,135300.0,300000.0
2011-03-08,RUSSIAN FEDERATION,9562934.0,26398928.0
2011-03-14,RUSSIAN FEDERATION,153457.92,308000.0
2011-03-21,RUSSIAN FEDERATION,3068527.0,7700000.0
2011-04-06,VENEZUELA,5271644.0,16499668.0
2011-03-16,FRANCE,65.04,16.0
2011-03-21,UKRAINE,402139.19,1273600.0
2011-04-06,UKRAINE,788480.0,2200000.0
2011-04-30,RUSSIAN FEDERATION,26100.0,60000.0
2011-04-27,RUSSIAN FEDERATION,26100.0,60000.0
2011-05-03,BELARUS,1.2,4.8
2011-04-09,RUSSIAN FEDERATION,199080.0,504000.0
2011-04-06,UKRAINE,1131900.0,3300000.0
2011-04-09,RUSSIAN FEDERATION,186440.0,472000.0
2011-05-01,UKRAINE,2040780.0,6000000.0
2011-04-26,RUSSIAN FEDERATION,183635.0,456000.0
2011-06-02,VENEZUELA,7008046.5,16342087.0
2011-05-23,RUSSIAN FEDERATION,9480.0,24000.0
2011-05-26,RUSSIAN FEDERATION,1832626.62,5020895.0
2011-07-06,GERMANY,167.88,518.69
2011-06-21,CHINA,122352.0,240000.0
2011-06-21,CHINA,133528.2,260000.0
2011-06-23,CHINA,254900.0,500000.0
2011-06-23,CHINA,256785.0,500000.0
2011-06-28,UNITED ARAB EMIRATES,524774.62,1000000.0
2011-08-02,FRANCE,42.72,10.8
2011-06-28,CHINA,155199.0,300000.0
2011-06-28,CHINA,156330.0,300000.0
2011-08-08,RUSSIAN FEDERATION,34080.0,48000.0
2011-07-04,CHINA,312660.0,600000.0
2011-06-30,CHINA,310398.0,600000.0
2011-08-08,VENEZUELA,8272019.5,16331727.0
2011-08-26,RUSSIAN FEDERATION,2570650.0,5000000.0
2011-08-26,RUSSIAN FEDERATION,2570650.0,5000000.0
2011-09-20,FRANCE,60.67,16.0
2011-08-25,UKRAINE,4171559.75,7700000.0
2011-08-26,RUSSIAN FEDERATION,2743468.75,5763590.0
2011-08-25,RUSSIAN FEDERATION,1503.0,556700.0
2011-08-11,RUSSIAN FEDERATION,174180.12,326180.0
2011-10-20,FRANCE,62.7,15.0
2011-09-07,RUSSIAN FEDERATION,1626900.0,3300000.0
2011-09-28,CHINA,20176.6,39960.0
2011-10-30,RUSSIAN FEDERATION,11467302.0,22000000.0
2011-11-23,VENEZUELA,9540907.0,19794412.0
2011-11-16,SPAIN,78.48,11560.29
2011-11-08,CHINA,235000.0,500000.0
2011-11-14,CHINA,240000.0,500000.0
2011-11-18,CHINA,225598.59,479997.0
2011-11-25,CHINA,244324.8,519840.0
2011-12-12,RUSSIAN FEDERATION,953290.25,1792000.0
2011-12-12,RUSSIAN FEDERATION,5589941.0,10508000.0
2011-11-16,CHINA,235000.0,500000.0
2011-11-23,CHINA,260770.62,519948.0
2011-11-18,CHINA,260770.62,519948.0
2011-11-19,CHINA,240000.0,500000.0
2011-11-26,CHINA,492086.75,1011962.0
2011-12-06,CHINA,174000.0,400000.0
2011-12-12,RUSSIAN FEDERATION,2442000.0,5500000.0
2011-11-22,CHINA,239647.69,498807.0
2011-11-22,CHINA,195622.81,402003.0
2011-12-02,RUSSIAN FEDERATION,189760.0,320000.0
2011-12-04,CHINA,366818.94,735750.0
2011-11-25,CHINA,495606.38,1019000.0
2011-12-08,CHINA,495606.38,1019200.0
2011-12-08,CHINA,469052.03,1010496.0
2011-12-02,CHINA,180000.0,400000.0
2011-12-13,CHINA,491249.41,1010240.0
2011-12-15,CHINA,90000.0,200000.0
2011-12-15,CHINA,360000.0,800000.0
2011-12-25,CHINA,45000.0,100000.0
2011-12-15,CHINA,43500.0,100000.0
2011-12-09,CHINA,380468.75,744600.0
2011-12-09,CHINA,314605.16,614450.0
2011-12-17,CHINA,155366.34,322290.0
2011-12-26,CHINA,238133.69,503880.0
2012-01-24,VENEZUELA,8101554.5,21097798.0
2011-12-11,CHINA,499652.25,1012500.0
2011-12-29,CHINA,204528.28,432772.5
2012-01-28,FRANCE,2491.03,1119.6
2011-12-06,CHINA,261250.0,500000.0
2011-12-06,CHINA,261250.0,500000.0
2011-12-10,CHINA,50348.05,102492.0
2011-12-03,CHINA,503184.62,1020744.0
2011-12-20,CHINA,272380.62,546750.0
2011-12-28,CHINA,59798.27,121500.0
2011-12-28,CHINA,272480.62,546750.0
2011-12-15,CHINA,8698.35,19996.2
2012-02-13,UKRAINE,1358280.0,3300000.0
2012-02-13,UKRAINE,838420.0,2200000.0
2012-02-24,RUSSIAN FEDERATION,162901.06,329000.0
2012-03-17,VENEZUELA,7260295.0,16500671.0
2012-03-17,UKRAINE,3697686.75,9100000.0
2012-04-02,RUSSIAN FEDERATION,361213.44,749250.0
2012-04-25,GERMANY,121.31,973.58
2012-04-05,RUSSIAN FEDERATION,347835.16,721500.0
2012-04-22,VENEZUELA,8908340.0,16496925.0
2012-06-16,UKRAINE,1821039.0,3300000.0
2012-05-29,RUSSIAN FEDERATION,126198.0,350550.0
2012-06-16,UKRAINE,1215874.0,2200000.0
2012-06-18,UKRAINE,1149500.0,2200000.0
2012-06-18,UKRAINE,519750.0,1100000.0
2012-06-18,UKRAINE,1581750.0,3700000.0
2012-06-09,RUSSIAN FEDERATION,133329.59,370360.0
2012-06-13,RUSSIAN FEDERATION,125856.0,349600.0
2012-06-18,UKRAINE,1567500.0,3000000.0
2012-07-09,RUSSIAN FEDERATION,213532.0,506000.0
2012-07-09,RUSSIAN FEDERATION,230649.98,506000.0
2012-08-04,GERMANY,153.17,641.6
2012-07-15,RUSSIAN FEDERATION,10572.55,29450.0
2012-07-27,UKRAINE,2066939.5,4266305.0
2012-07-11,UKRAINE,1495857.0,3300000.0
2012-07-27,UKRAINE,1601231.12,3300000.0
2012-07-27,VENEZUELA,5672901.0,13192793.0
2012-07-28,RUSSIAN FEDERATION,222669.41,489600.0
2012-07-29,RUSSIAN FEDERATION,193392.0,489600.0
2012-07-28,CHINA,28200.0,60000.0
2012-07-27,UKRAINE,1276000.0,2750000.0
2012-08-07,RUSSIAN FEDERATION,266243.12,509250.0
2012-08-11,RUSSIAN FEDERATION,432481.5,990000.0
2012-08-18,RUSSIAN FEDERATION,436800.19,999880.0
2012-08-11,CHINA,10661.7,21200.0
2012-08-26,FINLAND,1424333.0,3200000.0
2012-08-26,FINLAND,1366500.0,3000000.0
2012-08-18,RUSSIAN FEDERATION,225184.5,500000.0
2012-08-26,RUSSIAN FEDERATION,863500.0,2200000.0
2012-08-26,UKRAINE,633000.0,1500000.0
2012-08-23,VENEZUELA,6087446.5,14847431.0
2012-09-01,RUSSIAN FEDERATION,162889.16,499660.0
2012-09-01,RUSSIAN FEDERATION,272107.03,519750.0
2012-09-08,RUSSIAN FEDERATION,9304.9,22000.0
2012-10-06,UKRAINE,553005.0,12097816.67
2012-10-06,UKRAINE,2765025.0,12097816.67
2012-10-25,VENEZUELA,6698387.5,14107377.21
2012-10-27,RUSSIAN FEDERATION,1287000.0,2421501.91
2012-09-13,CHINA,241000.0,1183290.13
2012-09-13,CHINA,260400.0,1183290.13
2012-11-09,RUSSIAN FEDERATION,4020720.0,3525985.78
2012-10-22,CHINA,97800.0,1449536.97
2012-10-27,RUSSIAN FEDERATION,1060000.0,679720.25
2012-11-09,RUSSIAN FEDERATION,100224.0,613160.56
2012-11-09,RUSSIAN FEDERATION,6961680.0,12097816.67
2012-11-03,RUSSIAN FEDERATION,196876.69,449310.16
2012-11-09,RUSSIAN FEDERATION,811800.0,1789050.56
2012-11-25,VENEZUELA,6431287.0,14107377.21
2012-11-17,RUSSIAN FEDERATION,270105.0,1449536.97
2012-11-19,RUSSIAN FEDERATION,196876.69,449310.16
2012-11-30,UNITED STATES,222794.0,550000.0
2012-12-08,MALAYSIA,153291.84,312000.0
2012-12-16,INDONESIA,282403.62,637480.0
2012-12-30,RUSSIAN FEDERATION,133980.0,348000.0
2012-12-30,INDONESIA,870812.12,2099000.0
2012-12-30,CHINA,1203537.88,2901000.0
2012-12-30,RUSSIAN FEDERATION,794500.0,2000000.0
2012-12-31,UNITED STATES,279407.03,528000.0
2013-01-23,MALAYSIA,516652.41,1300104.0
2013-01-21,INDONESIA,259584.0,691200.0
2013-01-18,RUSSIAN FEDERATION,212330.0,1015000.0
2013-01-18,INDONESIA,77060.0,1789050.56
2012-12-07,UNITED STATES,6731180.0,16625.38
2013-02-10,MALAYSIA,933322.5,2250000.0
2013-01-28,INDONESIA,18214.0,87000.0
2013-01-28,INDONESIA,18214.0,1789050.56
2013-01-31,CHINA,95473.23,184800.0
2013-02-10,CHINA,1876331.25,6300000.0
2013-02-10,PERU,756900.0,2421501.91
2013-02-10,RUSSIAN FEDERATION,228686.09,1093650.0
2013-02-10,RUSSIAN FEDERATION,228686.09,1789050.56
2013-02-15,RUSSIAN FEDERATION,280252.69,554100.0
2013-02-27,CHINA,286284.66,658050.0
2012-03-13,INDONESIA,547250.0,1100000.0
2013-03-09,MALAYSIA,99.36,1518.18
2012-03-13,PERU,1463381.62,8800000.0
2012-03-13,PERU,1473559.88,2421501.91
2012-03-13,RUSSIAN FEDERATION,1483767.88,2421501.91
2012-03-13,MALAYSIA,1001000.0,2200.0
2013-03-20,PERU,269184.91,587740.0
2013-04-26,UNITED STATES,35.73,9066.13
2013-05-05,CHINA,213996.28,517900.0
2013-04-30,INDONESIA,514545.19,33830.0
2013-05-05,UNITED STATES,194052.66,1079390.0
2013-05-05,MALAYSIA,221860.39,1789050.56
2013-05-23,INDONESIA,35.81,6154.51
2013-05-12,MALAYSIA,5049148.5,12052526.0
2013-05-29,PERU,27160.0,56000.0
2013-06-20,RUSSIAN FEDERATION,572440.44,33930.0
2013-07-04,RUSSIAN FEDERATION,35.68,4094.28
2013-05-05,UNITED STATES,10899.29,28290.0
2013-07-11,MALAYSIA,70.73,3933.66
2013-07-17,INDONESIA,178007.02,497400.0
2013-08-07,CHINA,173.96,316.59
2013-07-20,PERU,214384.31,538875.0
2013-07-22,INDONESIA,190602.0,529450.0
2013-07-28,UNITED STATES,468633.59,33350.0
2013-08-01,INDONESIA,167587.0,409500.0
2013-07-27,PERU,191540.0,1098000.0
2013-07-27,PERU,193060.0,1789050.56
2013-08-04,PERU,178702.0,484600.0
2013-08-08,UNITED STATES,104.63,3098.61
2013-08-07,INDONESIA,32577.18,100000.0
2013-08-07,RUSSIAN FEDERATION,32577.18,100000.0
2013-08-02,PERU,179911.59,527600.0
2013-08-02,UNITED STATES,72500.0,200000.0
2013-08-13,CHINA,58184.0,140000.0
2013-08-18,CHINA,180370.41,434000.0
2013-08-18,UNITED STATES,111000.0,300000.0
2013-08-16,CHINA,128742.5,408500.0
2013-08-24,MALAYSIA,32577.18,100000.0
2013-08-22,PERU,66150.0,210000.0
2013-09-11,CHINA,152966.34,459000.0
2013-09-01,PERU,202420.0,540000.0
2013-08-31,PERU,3198949.5,10499048.0
2013-08-31,MALAYSIA,558442.5,12097816.67
2013-08-24,INDONESIA,32577.18,100000.0
2013-09-08,CHINA,553413.5,33520.0
2013-09-08,UNITED STATES,1662980.0,4400000.0
2013-09-08,INDONESIA,1634779.25,4325385.0
2013-09-17,INDONESIA,80090.0,210000.0
2013-09-22,INDONESIA,184243.95,513000.0
2013-09-20,INDONESIA,118400.0,320000.0
2013-09-26,MALAYSIA,160950.0,436740.0
2013-09-26,INDONESIA,52170.0,141564.0
2012-10-06,UNITED STATES,553005.0,1500000.0
2013-10-14,PERU,118308.6,324000.0
2013-10-15,CHINA,477852.03,33430.0
2013-11-24,PERU,110250.0,315000.0
2013-11-05,PERU,13200000.0,40000000.0
2013-11-08,PERU,159821.09,486000.0
2013-11-08,UNITED STATES,194036.5,540000.0
2013-11-11,CHINA,172292.0,513000.0
2013-11-03,CHINA,118827.5,319000.0
2013-10-31,MALAYSIA,107385.0,300000.0
2013-11-25,INDONESIA,170003.8,536850.0
2013-11-22,CHINA,5088536.0,15471534.0
2013-11-18,RUSSIAN FEDERATION,199699.8,580000.0
2013-11-20,CHINA,98600.0,291160.0
2013-11-25,MALAYSIA,112240.44,348000.0
2013-12-08,UNITED STATES,163224.0,486000.0
2013-12-17,INDONESIA,151348.95,476000.0
2013-12-03,RUSSIAN FEDERATION,97240.0,287144.0
2013-12-22,RUSSIAN FEDERATION,108262.0,308000.0
2013-12-22,CHINA,151348.95,476000.0
2013-12-22,MALAYSIA,154156.0,459000.0
2014-01-02,RUSSIAN FEDERATION,600000.0,2000000.0
2013-12-19,UNITED STATES,93196.55,243000.0
2013-12-18,CHINA,99714.6,1072200.0
2013-12-18,CHINA,100936.91,1789050.56
2013-12-18,UNITED STATES,135397.42,1789050.56
2013-10-31,UNITED STATES,97280.0,304000.0
2014-01-30,RUSSIAN FEDERATION,100400.0,240000.0
2014-02-03,PERU,87344.0,206000.0
2013-10-31,UNITED STATES,92160.0,288000.0
2014-02-03,CHINA,108000.0,240000.0
2014-02-06,CHINA,100064.0,236000.0
2014-01-02,UNITED STATES,96415.59,252750.0
2014-02-06,RUSSIAN FEDERATION,108700.0,260000.0
2014-02-10,MALAYSIA,100064.0,236000.0
2014-02-08,CHINA,53400.0,120000.0
2014-02-11,CHINA,121500.0,270000.0
2014-01-20,RUSSIAN FEDERATION,738790.38,2085800.0
2014-02-13,INDONESIA,40100.0,89618.0
2014-02-15,PERU,40330.8,89050.0
2014-02-18,RUSSIAN FEDERATION,20800.0,60000.0
2014-02-18,RUSSIAN FEDERATION,20800.0,60000.0
2014-01-20,MALAYSIA,1936460.12,5501776.0
2014-01-20,UNITED STATES,1955056.12,5501776.0
2014-02-19,MALAYSIA,13490.4,90000.0
2014-02-19,CHINA,26840.4,96152.22
2014-02-26,CHINA,12400.0,30003.0
2014-02-25,UNITED STATES,39730.8,90190.0
2014-02-25,INDONESIA,29030.0,60000.0
2014-02-28,INDONESIA,27440.0,60000.0
2014-03-05,INDONESIA,45.7,240100.0
2014-03-05,PERU,109680.0,3812384.61
2014-02-27,RUSSIAN FEDERATION,135500.0,299600.0
2014-02-26,INDONESIA,163.29,530.0
2014-03-06,RUSSIAN FEDERATION,29030.0,60000.0
2014-03-07,CHINA,26500.0,60006.0
2014-03-06,PERU,26000.0,50000.0
2014-03-06,MALAYSIA,26400.0,90150.0
2014-03-06,CHINA,13200.0,89674.46
2014-03-05,INDONESIA,14080.0,91940.0
2014-03-05,UNITED STATES,26400.0,96152.22
2014-03-07,RUSSIAN FEDERATION,27440.0,60000.0
2014-03-10,MALAYSIA,109700.0,240000.0
2014-01-26,RUSSIAN FEDERATION,278625.0,1450000.0
2014-01-26,UNITED STATES,278625.0,1789050.56
2014-03-08,UNITED STATES,13200.0,90190.0
2014-03-08,RUSSIAN FEDERATION,26400.0,96152.22
2014-03-10,UNITED STATES,53774.4,120000.0
2014-03-07,INDONESIA,27440.0,60000.0
2014-03-12,MALAYSIA,26500.0,60006.0
2014-03-13,RUSSIAN FEDERATION,109700.0,240000.0
2014-01-26,MALAYSIA,278625.0,725000.0
2014-01-26,INDONESIA,203665.0,550000.0
2014-03-13,RUSSIAN FEDERATION,29030.0,60000.0
2014-02-09,MALAYSIA,127809.0,300000.0
2014-02-18,INDONESIA,198180.0,540000.0
2014-03-14,CHINA,27460.0,60000.0
2014-03-17,MALAYSIA,109700.0,240000.0
2014-01-26,MALAYSIA,117453.6,330000.0
2014-03-15,UNITED STATES,13200.0,90000.0
2014-03-15,MALAYSIA,26400.0,89674.46
2014-03-14,MALAYSIA,13200.0,90000.0
2014-03-14,UNITED STATES,26400.0,96152.22
2014-03-17,PERU,52900.0,120012.0
2014-03-18,UNITED STATES,27460.0,60000.0
2014-03-20,INDONESIA,109700.0,240000.0
2014-02-19,CHINA,210031.59,538980.0
2014-03-20,MALAYSIA,29030.0,60000.0
2014-03-20,INDONESIA,39600.0,90000.0
2014-02-20,CHINA,128152.59,300750.0
2014-02-15,CHINA,307800.0,1100000.0
2014-02-15,PERU,110200.0,449310.16
2014-04-04,MALAYSIA,4.0,1.6
2014-03-04,RUSSIAN FEDERATION,188784.0,547200.0
2014-03-12,PERU,606528.0,33200.0
2014-03-12,MALAYSIA,256320.0,33000.0
2014-03-10,RUSSIAN FEDERATION,235463.52,512750.0
2014-03-13,RUSSIAN FEDERATION,620000.0,2000000.0
2014-03-04,RUSSIAN FEDERATION,178011.0,513000.0
2014-03-17,PERU,211370.66,503000.0
2014-03-01,RUSSIAN FEDERATION,3554584.0,8617900.0
2014-03-17,PERU,229581.25,681250.0
2014-03-16,INDONESIA,125136.0,316800.0
2014-03-02,RUSSIAN FEDERATION,357329.12,1624000.0
2014-03-02,PERU,357329.12,3812384.61
2014-04-06,CHINA,89.9,274.07
2014-03-11,MALAYSIA,5886330.0,14307333.0
2014-03-07,PERU,180225.0,480600.0
2014-03-07,RUSSIAN FEDERATION,10875.0,29000.0
2014-05-19,CHINA,46077.3,115476.0
2014-05-19,INDONESIA,142308.0,482400.0
2014-05-02,UNITED STATES,100898.8,29200.0
2014-05-26,UNITED STATES,179548.83,516760.0
2014-05-26,INDONESIA,331632.0,1010240.0
2014-05-25,PERU,333036.0,1044000.0
2014-05-31,MALAYSIA,125634.6,315630.0
2014-06-09,UNITED STATES,94248.0,299200.0
2014-06-08,MALAYSIA,170553.59,591260.0
2014-06-08,UNITED STATES,74986.8,202048.0
2014-09-02,INDONESIA,101.48,718.13
2014-08-13,RUSSIAN FEDERATION,53179.0,147000.0
2014-08-13,INDONESIA,98761.0,273000.0
2014-08-18,INDONESIA,160398.0,479864.0
2014-08-18,RUSSIAN FEDERATION,369869.5,1096832.0
2014-08-17,PERU,45582.0,126000.0
2014-07-31,CHINA,49776.65,55000.0
2014-09-07,RUSSIAN FEDERATION,67939.2,202048.0
2014-09-16,RUSSIAN FEDERATION,297079.19,820446.0
2014-09-08,RUSSIAN FEDERATION,172530.0,999000.0
2014-09-08,RUSSIAN FEDERATION,182115.0,1449536.97
2014-09-15,RUSSIAN FEDERATION,42061.7,136400.0
2014-09-15,RUSSIAN FEDERATION,368483.0,999000.0
2014-09-28,RUSSIAN FEDERATION,90604.8,250224.0
2014-09-27,CHINA,5713833.5,16562579.0
2014-09-17,RUSSIAN FEDERATION,354645.0,999000.0
2014-10-26,GERMANY,127.27,303.12
2014-10-06,CHINA,1364925.38,13420000.0
2014-10-06,CHINA,909947.81,3525985.78
2014-10-06,CHINA,454973.91,3525985.78
2014-10-06,CHINA,1819899.25,3525985.78
2014-10-06,CHINA,365999.62,3525985.78
2014-10-06,CHINA,3389720.0,8909765.0
2014-10-06,CHINA,1874752.75,5123115.0
2014-10-15,RUSSIAN FEDERATION,199800.0,540000.0
2014-10-20,RUSSIAN FEDERATION,169830.0,459000.0
2014-11-03,RUSSIAN FEDERATION,101376.0,316800.0
2014-10-27,RUSSIAN FEDERATION,179820.0,486000.0
2014-10-27,RUSSIAN FEDERATION,167029.09,451430.0
2014-11-18,RUSSIAN FEDERATION,375100.0,1100000.0
2014-11-16,RUSSIAN FEDERATION,370137.59,1036800.0
2014-10-26,CHINA,66197.25,81000.0
2014-11-16,RUSSIAN FEDERATION,362880.0,1010240.0
2014-12-17,RUSSIAN FEDERATION,14518.06,29700.0
2014-12-20,RUSSIAN FEDERATION,14518.06,29700.0
2014-11-22,CHINA,2307877.0,7150000.0
2014-11-22,CHINA,950756.38,13180000.0
2014-11-22,CHINA,1793880.0,3525985.78
2014-11-22,CHINA,909563.62,3525985.78
2014-11-22,CHINA,678939.19,3525985.78
2014-11-23,RUSSIAN FEDERATION,188910.27,544410.0
2014-11-26,CHINA,11840052.0,32900000.0
2014-12-26,RUSSIAN FEDERATION,14518.06,29700.0
2014-12-26,RUSSIAN FEDERATION,14518.06,29700.0
2014-11-17,CHINA,66197.25,81000.0
2014-12-07,RUSSIAN FEDERATION,184406.41,548568.0
2014-12-24,GERMANY,89.85,2117.65
2014-12-29,RUSSIAN FEDERATION,14518.06,29700.0
2014-12-07,RUSSIAN FEDERATION,157728.69,399000.0
2014-12-14,RUSSIAN FEDERATION,375091.19,1065600.0
2015-01-06,RUSSIAN FEDERATION,14518.06,29700.0
2014-12-15,RUSSIAN FEDERATION,210519.0,621000.0
2014-11-11,CHINA,44131.5,54000.0
2014-12-14,RUSSIAN FEDERATION,184406.41,548568.0
2014-12-21,RUSSIAN FEDERATION,184406.41,548568.0
2014-11-30,RUSSIAN FEDERATION,157680.0,432000.0
2014-12-07,RUSSIAN FEDERATION,353970.0,1026000.0
2014-12-29,RUSSIAN FEDERATION,299367.0,965700.0
2014-12-05,GERMANY,383.0,978.0
2014-11-30,RUSSIAN FEDERATION,159721.2,496800.0
2015-11-30,RUSSIAN FEDERATION,280140.0,1015000.0
2015-12-14,RUSSIAN FEDERATION,480053.09,1641600.0
2015-11-30,UNITED STATES,153725.0,537500.0
2015-12-14,RUSSIAN FEDERATION,172774.78,510874.0
2016-01-18,RUSSIAN FEDERATION,32160.0,96000.0
2016-01-18,RUSSIAN FEDERATION,13600.0,32000.0
2015-12-14,RUSSIAN FEDERATION,182622.53,548416.0
2016-01-21,PERU,13120.0,64115.2
2015-12-20,CHINA,153625.0,500000.0
2016-01-22,RUSSIAN FEDERATION,42880.0,128000.0
2015-12-20,RUSSIAN FEDERATION,370567.31,1267200.0
2016-01-28,RUSSIAN FEDERATION,32160.0,96000.0
2015-12-30,RUSSIAN FEDERATION,128673.0,493000.0
2016-01-15,CHINA,356816.0,1450000.0
2016-02-01,CHINA,46950.0,150000.0
2016-02-01,CHINA,46950.0,150000.0
2016-02-01,RUSSIAN FEDERATION,32160.0,96000.0
2016-02-04,CHINA,46950.0,150000.0
2016-02-04,CHINA,46950.0,150000.0
2016-02-03,RUSSIAN FEDERATION,42880.0,128000.0
2016-01-13,RUSSIAN FEDERATION,88222.0,310800.0
2016-01-11,RUSSIAN FEDERATION,428345.12,1508000.0
2016-02-09,CHINA,46950.0,150000.0
2016-02-09,CHINA,46950.0,150000.0
2016-01-13,RUSSIAN FEDERATION,287132.0,1092000.0
2016-01-13,RUSSIAN FEDERATION,151705.73,548568.0
2016-02-11,PERU,3360.0,52000.0
2016-01-16,RUSSIAN FEDERATION,140035.91,493000.0
2016-01-15,CHINA,891360.0,3600000.0
2016-02-15,CHINA,46950.0,150000.0
2016-02-15,CHINA,46950.0,150000.0
2016-02-15,RUSSIAN FEDERATION,21248.0,64000.0
2016-02-18,CHINA,46950.0,150000.0
2016-02-18,CHINA,46950.0,150000.0
2016-01-19,RUSSIAN FEDERATION,128673.0,493000.0
2016-01-17,RUSSIAN FEDERATION,151705.73,548568.0
2016-02-22,CHINA,46950.0,150000.0
2016-02-22,CHINA,46950.0,150000.0
2016-01-30,RUSSIAN FEDERATION,203585.2,1622200.0
2016-01-30,RUSSIAN FEDERATION,182498.41,1789050.56
2016-02-25,CHINA,43820.0,140000.0
2016-02-25,CHINA,18780.0,60000.0
2016-01-22,RUSSIAN FEDERATION,287819.97,1094400.0
2016-01-30,RUSSIAN FEDERATION,128673.0,493000.0
2016-01-17,RUSSIAN FEDERATION,410878.38,1623220.0
2016-02-02,RUSSIAN FEDERATION,151705.73,547200.0
2016-02-28,RUSSIAN FEDERATION,26228.0,96000.0
2016-01-27,CHINA,1602506.0,6105430.0
2016-02-03,RUSSIAN FEDERATION,358422.0,2050000.0
2016-02-03,RUSSIAN FEDERATION,117808.38,2421501.91
2016-03-05,GERMANY,138.65,222.51
2016-03-10,PERU,6000.0,32000.0
2016-02-09,RUSSIAN FEDERATION,251186.41,962400.0
2016-02-16,RUSSIAN FEDERATION,124518.4,486400.0
2016-02-16,UNITED STATES,34550.0,140000.0
2016-02-16,RUSSIAN FEDERATION,151705.73,10000.0
2016-03-14,RUSSIAN FEDERATION,21120.0,64000.0
2016-02-22,RUSSIAN FEDERATION,117019.0,511000.0
2016-02-17,RUSSIAN FEDERATION,136505.0,550000.0
2016-01-29,CHINA,160399.2,520000.0
2016-03-27,PERU,12800.0,32000.0
2016-03-02,RUSSIAN FEDERATION,138434.41,530400.0
2016-02-23,RUSSIAN FEDERATION,140891.67,550000.0
2016-03-02,RUSSIAN FEDERATION,53711.2,192800.0
2016-02-23,RUSSIAN FEDERATION,187761.56,1606670.0
2016-02-23,RUSSIAN FEDERATION,158590.39,3812384.61
2016-03-14,RUSSIAN FEDERATION,105753.6,489600.0
2016-03-06,CHINA,142200.0,480000.0
2016-03-14,CHINA,65941.0,294000.0
2016-03-16,RUSSIAN FEDERATION,61568.0,286000.0
2016-03-21,RUSSIAN FEDERATION,111974.4,518400.0
2016-03-16,RUSSIAN FEDERATION,119715.24,1100000.0
2016-03-16,RUSSIAN FEDERATION,108157.83,3812384.61
2016-03-14,RUSSIAN FEDERATION,126000.0,500000.0
2016-03-14,CHINA,49973.0,147000.0
2016-03-14,CHINA,159033.59,635976.0
2016-03-21,CHINA,342966.41,1371524.0
2016-03-21,RUSSIAN FEDERATION,122200.0,521000.0
2016-03-21,RUSSIAN FEDERATION,132580.0,1073000.0
2016-03-21,RUSSIAN FEDERATION,112693.0,1789050.56
2016-03-28,RUSSIAN FEDERATION,114405.6,522400.0
2016-03-21,RUSSIAN FEDERATION,201959.97,1650000.0
2016-03-21,RUSSIAN FEDERATION,180999.0,3812384.61
2016-04-25,RUSSIAN FEDERATION,5346.08,32000.0
2016-04-03,BELGIUM,6801.95,29000.0
2016-04-05,RUSSIAN FEDERATION,135563.33,547200.0
2016-04-02,CHINA,453521.5,2050000.0
2016-04-06,RUSSIAN FEDERATION,113529.6,518400.0
2016-03-30,RUSSIAN FEDERATION,204525.0,24643000.0
2016-03-30,RUSSIAN FEDERATION,204525.0,2421501.91
2016-03-30,RUSSIAN FEDERATION,170257.25,2421501.91
2016-04-02,RUSSIAN FEDERATION,485980.0,2200000.0
2016-03-29,CHINA,101860.68,420000.0
2016-04-11,RUSSIAN FEDERATION,93381.6,426400.0
2016-04-05,CHINA,12185.0,43000.0
2016-04-05,RUSSIAN FEDERATION,124567.92,502560.0
2016-04-05,RUSSIAN FEDERATION,124120.0,580000.0
2016-05-18,RUSSIAN FEDERATION,11520.0,64000.0
2016-04-24,RUSSIAN FEDERATION,217375.0,1073000.0
2016-03-30,CHINA,56704.96,220000.0
2016-04-23,RUSSIAN FEDERATION,183254.41,720000.0
2016-04-17,RUSSIAN FEDERATION,60138.0,286000.0
2016-04-24,RUSSIAN FEDERATION,34000.0,370500.0
2016-04-05,RUSSIAN FEDERATION,111280.0,521309.0
2016-04-21,CHINA,2629000.0,30800000.0
2016-04-21,CHINA,788700.0,24392000.0
2016-03-30,RUSSIAN FEDERATION,136350.0,1279212.0
2016-03-30,RUSSIAN FEDERATION,163620.0,2421501.91
2016-04-05,RUSSIAN FEDERATION,133517.5,1195960.0
2016-04-05,RUSSIAN FEDERATION,147142.2,2421501.91
2016-04-26,RUSSIAN FEDERATION,117779.38,1073000.0
2016-04-26,RUSSIAN FEDERATION,100112.47,3812384.61
2016-05-08,RUSSIAN FEDERATION,199151.14,777600.0
2016-05-31,RUSSIAN FEDERATION,9900.0,32000.0
2016-05-17,UNITED STATES,104583.47,488092.0
2016-05-02,RUSSIAN FEDERATION,104023.0,493000.0
2016-05-15,RUSSIAN FEDERATION,265968.0,1200000.0
2016-05-20,RUSSIAN FEDERATION,174870.0,870000.0
2016-05-15,RUSSIAN FEDERATION,715456.0,3200000.0
2016-05-17,RUSSIAN FEDERATION,128723.98,580000.0
2016-05-10,RUSSIAN FEDERATION,100699.75,477250.0
2016-05-27,RUSSIAN FEDERATION,220890.0,2199800.0
2016-05-27,RUSSIAN FEDERATION,216870.2,1789050.56
2016-05-24,RUSSIAN FEDERATION,130100.0,580000.0
2016-05-25,RUSSIAN FEDERATION,110160.0,540000.0
2016-05-30,RUSSIAN FEDERATION,167361.98,662400.0
2016-06-24,RUSSIAN FEDERATION,13845.0,96000.0
2016-05-17,RUSSIAN FEDERATION,128723.98,580000.0
2016-06-27,RUSSIAN FEDERATION,4650.0,32000.0
2016-06-27,RUSSIAN FEDERATION,1550.0,42666.67
2016-05-30,UNITED STATES,110456.61,515502.0
2016-05-27,RUSSIAN FEDERATION,27477.6,115200.0
2016-06-04,RUSSIAN FEDERATION,67980.0,330000.0
2016-05-24,RUSSIAN FEDERATION,91259.0,410290.0
2016-06-04,RUSSIAN FEDERATION,225828.0,1080000.0
2016-06-10,RUSSIAN FEDERATION,339075.0,1650000.0
2016-07-07,PERU,11392.0,32000.0
2016-07-07,RUSSIAN FEDERATION,3905.0,32000.0
2016-06-12,RUSSIAN FEDERATION,239390.0,1006400.0
2016-06-18,RUSSIAN FEDERATION,70012.8,316800.0
2016-07-18,GERMANY,25.3,1310.59
2016-07-21,RUSSIAN FEDERATION,6922.5,53500.0
2016-07-21,RUSSIAN FEDERATION,3195.0,32000.0
2016-07-21,RUSSIAN FEDERATION,4260.0,42666.67
2016-06-27,RUSSIAN FEDERATION,69333.0,319000.0
2016-06-27,RUSSIAN FEDERATION,229316.38,1044000.0
2016-07-26,RUSSIAN FEDERATION,4020.0,32000.0
2016-06-27,RUSSIAN FEDERATION,87711.0,1040000.0
2016-06-27,RUSSIAN FEDERATION,87430.12,1040000.0
2016-06-27,RUSSIAN FEDERATION,86892.27,1040000.0
2016-06-27,RUSSIAN FEDERATION,221421.59,1080000.0
2016-06-18,RUSSIAN FEDERATION,110160.0,540000.0
2016-07-11,RUSSIAN FEDERATION,167040.0,720000.0
2016-06-20,RUSSIAN FEDERATION,131724.0,504000.0
2016-07-02,RUSSIAN FEDERATION,233376.0,1100000.0
2016-08-10,RUSSIAN FEDERATION,2840.0,32000.0
2016-06-20,RUSSIAN FEDERATION,146183.2,580000.0
2016-06-20,RUSSIAN FEDERATION,146183.2,580000.0
2016-08-14,RUSSIAN FEDERATION,8520.0,32000.0
2016-08-14,RUSSIAN FEDERATION,1775.0,42666.67
2016-08-18,PERU,5664.0,32000.0
2016-07-24,RUSSIAN FEDERATION,115661.5,1094000.0
2016-07-24,RUSSIAN FEDERATION,117505.5,1789050.56
2016-07-25,RUSSIAN FEDERATION,27258.0,114000.0
2016-08-25,RUSSIAN FEDERATION,5680.0,32000.0
2016-08-29,GERMANY,160.35,533.69
2016-08-28,UNITED STATES,502.48,150.0
2016-08-07,RUSSIAN FEDERATION,120787.2,518400.0
2016-07-28,RUSSIAN FEDERATION,81984.0,392000.0
2016-08-22,COLOMBIA,182.19,1971.0
2016-08-12,BELARUS,217844.0,1100000.0
2016-09-07,RUSSIAN FEDERATION,7100.0,32000.0
2016-08-12,RUSSIAN FEDERATION,108399.5,549990.0
2016-08-12,LITHUANIA,218762.5,1100000.0
2016-08-21,RUSSIAN FEDERATION,121772.16,518400.0
2016-09-15,RUSSIAN FEDERATION,3550.0,32000.0
2016-08-12,BELARUS,560560.0,2750000.0
2016-08-27,CHINA,68657.59,300300.0
2016-08-30,RUSSIAN FEDERATION,98784.0,504000.0
2016-08-27,LITHUANIA,128033.89,513450.0
2016-09-26,RUSSIAN FEDERATION,14200.0,64000.0
2016-09-29,PERU,5568.0,32000.0
2016-09-05,RUSSIAN FEDERATION,119064.0,616000.0
2016-10-05,RUSSIAN FEDERATION,17472.0,64000.0
2016-09-10,RUSSIAN FEDERATION,59070.0,330000.0
2016-10-10,RUSSIAN FEDERATION,12425.0,64000.0
2016-09-19,RUSSIAN FEDERATION,134076.25,581600.0
2016-09-18,RUSSIAN FEDERATION,103680.0,518400.0
2016-09-23,RUSSIAN FEDERATION,109179.2,580000.0
2016-09-19,RUSSIAN FEDERATION,343499.47,1617000.0
2016-09-08,RUSSIAN FEDERATION,203632.0,1100000.0
2016-10-20,RUSSIAN FEDERATION,17280.0,64000.0
2016-09-25,RUSSIAN FEDERATION,109440.0,547200.0
2016-09-14,RUSSIAN FEDERATION,300242.81,1595000.0
2016-10-26,RUSSIAN FEDERATION,3550.0,32000.0
2016-10-27,GERMANY,30.47,1181.35
2016-09-29,RUSSIAN FEDERATION,443872.0,2200000.0
2016-10-14,RUSSIAN FEDERATION,320503.03,1648000.0
2016-10-16,RUSSIAN FEDERATION,109987.2,547200.0
2016-10-12,RUSSIAN FEDERATION,236500.0,1100000.0
2016-10-16,RUSSIAN FEDERATION,100573.2,512800.0
2016-10-09,CHINA,72576.0,198000.0
2016-10-23,RUSSIAN FEDERATION,100573.41,512800.0
2016-10-17,RUSSIAN FEDERATION,38304.0,201600.0
2016-10-13,RUSSIAN FEDERATION,80040.0,435000.0
2016-10-23,RUSSIAN FEDERATION,115025.0,535000.0
2016-11-24,RUSSIAN FEDERATION,10240.0,32000.0
2016-11-24,RUSSIAN FEDERATION,10240.0,32000.0
2016-11-23,COLOMBIA,120.0,7702.5
2016-11-28,RUSSIAN FEDERATION,2950.0,32000.0
2016-11-29,RUSSIAN FEDERATION,18972.0,64000.0
2016-12-01,RUSSIAN FEDERATION,18680.0,64000.0
2016-11-06,RUSSIAN FEDERATION,102079.6,518400.0
2016-11-04,RUSSIAN FEDERATION,78735.0,435000.0
2016-11-04,RUSSIAN FEDERATION,268105.0,1247000.0
2016-10-27,RUSSIAN FEDERATION,124556.4,518400.0
2016-11-06,RUSSIAN FEDERATION,68348.5,319000.0
2016-11-08,RUSSIAN FEDERATION,77425.0,373000.0
2016-11-14,RUSSIAN FEDERATION,909843.75,4500000.0
2016-11-14,RUSSIAN FEDERATION,1015250.0,5000000.0
2016-11-14,RUSSIAN FEDERATION,132004.0,506800.0
2016-11-14,RUSSIAN FEDERATION,236743.36,1018065.0
2016-12-17,RUSSIAN FEDERATION,4401.56,128000.0
2016-11-08,RUSSIAN FEDERATION,120500.0,580000.0
2016-12-04,RUSSIAN FEDERATION,127184.4,505260.0
2016-12-29,RUSSIAN FEDERATION,43500.0,160000.0
2016-12-19,UNITED STATES,45014.71,252042.0
2017-01-04,RUSSIAN FEDERATION,9340.0,32000.0
2016-12-12,RUSSIAN FEDERATION,130140.0,540000.0
2017-01-09,RUSSIAN FEDERATION,34160.0,128000.0
2016-12-11,RUSSIAN FEDERATION,1288218.75,5850000.0
2016-12-01,CHINA,1425157.5,5850000.0
2016-12-11,RUSSIAN FEDERATION,206039.67,950499.0
2016-12-05,CHINA,1463551.0,6900713.0
2016-12-11,RUSSIAN FEDERATION,590625.0,2700000.0
2016-12-01,CHINA,726300.0,4950000.0
2016-12-01,CHINA,472095.0,1789050.56
2017-01-12,PERU,5062.4,32000.0
2017-01-12,RUSSIAN FEDERATION,25620.0,96000.0
2016-12-19,RUSSIAN FEDERATION,258630.0,1073000.0
2017-01-15,RUSSIAN FEDERATION,27690.0,96000.0
2017-01-15,RUSSIAN FEDERATION,9340.0,32000.0
2017-01-16,PERU,4536.0,32000.0
2017-01-02,UNITED STATES,48070.0,272211.0
2016-12-16,RUSSIAN FEDERATION,226540.8,1094400.0
2016-12-22,GERMANY,335.0,994.0
2017-01-18,RUSSIAN FEDERATION,13204.69,64000.0
2016-12-16,CHINA,735900.0,3300000.0
2016-11-30,CHINA,3395920.0,14960000.0
2016-12-09,RUSSIAN FEDERATION,72814.5,319000.0
2016-12-16,RUSSIAN FEDERATION,254769.0,1042000.0
2016-12-25,RUSSIAN FEDERATION,126000.0,504000.0
2016-12-16,RUSSIAN FEDERATION,14181.0,58000.0
2017-01-02,RUSSIAN FEDERATION,275921.81,961400.0
2017-01-14,RUSSIAN FEDERATION,483912.0,2200000.0
2016-12-15,RUSSIAN FEDERATION,130650.0,1073000.0
2016-12-15,RUSSIAN FEDERATION,111052.5,1789050.56
2016-12-14,RUSSIAN FEDERATION,246532.0,1100000.0
2016-12-29,RUSSIAN FEDERATION,273756.0,1100000.0
2017-01-06,RUSSIAN FEDERATION,276356.0,1100000.0
2017-01-13,RUSSIAN FEDERATION,276356.0,1100000.0
2017-01-22,RUSSIAN FEDERATION,136900.0,580000.0
2017-01-22,RUSSIAN FEDERATION,122700.0,520000.0
2017-01-13,RUSSIAN FEDERATION,307898.34,1098460.0
2017-02-02,RUSSIAN FEDERATION,460950.38,2001000.0
2017-01-13,RUSSIAN FEDERATION,267006.0,1100000.0
2017-01-21,RUSSIAN FEDERATION,276356.0,1100000.0
2017-01-21,RUSSIAN FEDERATION,188681.95,754000.0
2017-01-10,CHINA,541936.31,2503170.0
2017-01-26,RUSSIAN FEDERATION,276356.0,1100000.0
2017-03-03,RUSSIAN FEDERATION,6260.0,32000.0
2017-02-05,RUSSIAN FEDERATION,188786.0,754000.0
2017-03-13,RUSSIAN FEDERATION,2184.0,32000.0
2017-03-21,RUSSIAN FEDERATION,3744.0,32000.0
2017-03-05,RUSSIAN FEDERATION,393400.81,1620000.0
2017-03-12,RUSSIAN FEDERATION,406514.16,1674000.0
2017-04-03,COLOMBIA,26.21,22800.0
2017-04-07,RUSSIAN FEDERATION,3120.0,32000.0
2017-03-03,RUSSIAN FEDERATION,297256.0,1100000.0
2017-03-20,RUSSIAN FEDERATION,230434.0,835200.0
2017-03-08,RUSSIAN FEDERATION,427840.0,1680000.0
2017-03-20,RUSSIAN FEDERATION,222488.0,806400.0
2017-04-24,RUSSIAN FEDERATION,1560.0,32000.0
2017-03-10,RUSSIAN FEDERATION,394264.0,1508000.0
2017-04-21,GERMANY,200.78,160.43
2017-03-10,RUSSIAN FEDERATION,226296.0,812000.0
2017-04-17,RUSSIAN FEDERATION,262145.0,1073000.0
2017-05-08,COLOMBIA,470.0,12545.0
2017-04-26,UNITED STATES,3300.0,748.43
2017-04-01,RUSSIAN FEDERATION,121905.0,435000.0
2017-04-24,RUSSIAN FEDERATION,201225.0,825000.0
2017-04-01,RUSSIAN FEDERATION,226296.0,812000.0
2017-04-16,RUSSIAN FEDERATION,342882.0,1332000.0
2017-04-13,RUSSIAN FEDERATION,221964.0,864000.0
2017-04-08,RUSSIAN FEDERATION,135099.0,493000.0
2017-04-24,GERMANY,323.0,1345.0
2017-04-06,RUSSIAN FEDERATION,710995.31,2726000.0
2017-04-30,RUSSIAN FEDERATION,105840.0,435000.0
2017-05-30,RUSSIAN FEDERATION,6120.0,32000.0
2017-05-08,RUSSIAN FEDERATION,201225.0,825000.0
2017-04-08,RUSSIAN FEDERATION,15894.0,58000.0
2017-05-14,RUSSIAN FEDERATION,135099.0,493000.0
2017-05-14,RUSSIAN FEDERATION,1508531.5,6723360.0
2017-05-07,EGYPT,1478427.5,6600000.0
2017-05-14,RUSSIAN FEDERATION,99750.0,435000.0
2017-05-07,EGYPT,734514.0,3300000.0
2017-05-14,RUSSIAN FEDERATION,499523.25,2241120.0
2017-05-07,EGYPT,488752.0,2200000.0
2017-05-07,EGYPT,497640.0,2200000.0
2017-05-14,RUSSIAN FEDERATION,317879.03,1426170.0
2017-05-12,CHINA,36712.17,99000.0
2017-05-14,RUSSIAN FEDERATION,477048.0,2200000.0
2017-06-03,FRANCE,5012.0,24500.0
2017-06-03,FRANCE,3759.0,24500.0
2017-06-22,RUSSIAN FEDERATION,4575.0,64000.0
2017-05-28,RUSSIAN FEDERATION,132710.41,518400.0
2017-06-03,FRANCE,5012.0,24500.0
2017-06-03,FRANCE,3759.0,24500.0
2017-05-28,RUSSIAN FEDERATION,117575.0,550000.0
2017-05-29,RUSSIAN FEDERATION,177838.19,748800.0
2017-06-04,RUSSIAN FEDERATION,111609.0,522000.0
2017-06-05,RUSSIAN FEDERATION,112968.28,556494.0
2017-06-05,RUSSIAN FEDERATION,177838.19,748800.0
2017-07-02,GERMANY,304.83,236.8
2017-07-06,RUSSIAN FEDERATION,5508.0,32000.0
2017-06-11,RUSSIAN FEDERATION,207625.5,1073.0
2017-06-24,RUSSIAN FEDERATION,429680.16,2186000.0
2017-06-19,RUSSIAN FEDERATION,106425.0,550000.0
2017-06-19,RUSSIAN FEDERATION,117575.0,550000.0
2017-06-17,RUSSIAN FEDERATION,111639.85,549950.0
2017-07-20,RUSSIAN FEDERATION,3900.0,32000.0
2017-07-20,RUSSIAN FEDERATION,3000.0,42666.67
2017-07-20,VENEZUELA,2986.75,52000.0
2017-07-19,COLOMBIA,141.0,17412.0
2017-06-26,RUSSIAN FEDERATION,65174.89,319000.0
2017-06-26,RUSSIAN FEDERATION,106425.0,550000.0
2017-06-03,CHINA,678090.0,3000000.0
2017-07-02,RUSSIAN FEDERATION,106425.0,550000.0
2017-07-02,RUSSIAN FEDERATION,115464.5,541000.0
2017-06-18,CHINA,29095.0,50000.0
2017-07-21,CHINA,553176.0,2700000.0
2017-07-31,GERMANY,255.0,921.05
2017-08-21,RUSSIAN FEDERATION,32240.0,128000.0
2017-08-01,RUSSIAN FEDERATION,339920.0,1624000.0
2017-08-11,RUSSIAN FEDERATION,220961.52,1161000.0
2017-08-28,RUSSIAN FEDERATION,2100.0,32000.0
2017-08-06,RUSSIAN FEDERATION,218100.0,1100000.0
2017-09-04,RUSSIAN FEDERATION,4500.0,32000.0
2017-09-04,RUSSIAN FEDERATION,2100.0,42666.67
2017-09-04,VENEZUELA,2410.0,31850.0
2017-07-23,RUSSIAN FEDERATION,440440.0,2200000.0
2017-07-23,RUSSIAN FEDERATION,258561.59,1320000.0
2017-08-13,RUSSIAN FEDERATION,441112.5,2175000.0
2017-08-14,RUSSIAN FEDERATION,179604.58,892800.0
2017-08-03,RUSSIAN FEDERATION,128369.02,620800.0
2017-08-20,RUSSIAN FEDERATION,179601.59,892800.0
2017-09-01,RUSSIAN FEDERATION,298041.12,1566000.0
2017-08-28,RUSSIAN FEDERATION,168014.41,835200.0
2017-08-28,RUSSIAN FEDERATION,73800.0,360000.0
2017-08-29,RUSSIAN FEDERATION,213840.0,1080000.0
2017-09-11,RUSSIAN FEDERATION,213700.0,1100000.0
2017-09-18,GERMANY,316.48,5255.08
2017-09-17,RUSSIAN FEDERATION,197225.0,1015000.0
2017-09-05,RUSSIAN FEDERATION,605448.0,3027240.0
2017-09-10,RUSSIAN FEDERATION,109440.0,540000.0
2017-10-19,RUSSIAN FEDERATION,3300.0,32000.0
2017-09-25,RUSSIAN FEDERATION,75140.0,377000.0
2017-10-02,RUSSIAN FEDERATION,290742.0,1363000.0
2017-10-26,RUSSIAN FEDERATION,4950.0,64000.0
2017-10-07,RUSSIAN FEDERATION,555984.0,2700000.0
2017-09-25,RUSSIAN FEDERATION,189757.2,917600.0
2017-10-02,RUSSIAN FEDERATION,424154.88,1516030.0
2017-10-02,RUSSIAN FEDERATION,494845.31,2272330.0
2017-10-09,RUSSIAN FEDERATION,117534.0,551000.0
2017-09-25,RUSSIAN FEDERATION,216540.0,1080000.0
2017-10-09,RUSSIAN FEDERATION,68572.0,316000.0
2017-11-06,RUSSIAN FEDERATION,7260.0,32000.0
2017-10-16,RUSSIAN FEDERATION,67964.1,318650.0
2017-10-03,RUSSIAN FEDERATION,97280.0,480000.0
2017-10-14,RUSSIAN FEDERATION,336440.0,1560000.0
2017-10-14,RUSSIAN FEDERATION,109440.0,540000.0
2017-10-22,RUSSIAN FEDERATION,173002.75,547200.0
2017-10-29,RUSSIAN FEDERATION,456595.0,1590000.0
2017-11-23,RUSSIAN FEDERATION,28980.0,96000.0
2017-10-31,RUSSIAN FEDERATION,482440.0,1680000.0
2017-11-29,GERMANY,57.71,130.04
2017-11-19,RUSSIAN FEDERATION,389188.81,1890000.0
2017-12-04,GERMANY,57.41,1015.64
2017-11-13,RUSSIAN FEDERATION,170268.0,1243200.0
2017-11-13,RUSSIAN FEDERATION,170268.0,1789050.56
2017-12-13,RUSSIAN FEDERATION,567530.44,2201010.0
2017-12-13,RUSSIAN FEDERATION,20728.0,64000.0
2017-11-20,RUSSIAN FEDERATION,454261.5,3277000.0
2017-11-20,RUSSIAN FEDERATION,446292.0,1789050.56
2017-11-19,RUSSIAN FEDERATION,250848.0,928000.0
2017-11-21,RUSSIAN FEDERATION,2576666.0,9904540.0
2017-11-21,RUSSIAN FEDERATION,1145185.5,4402020.0
2017-11-13,RUSSIAN FEDERATION,81080.0,562400.0
2017-11-13,RUSSIAN FEDERATION,72972.0,1789050.56
2017-11-23,RUSSIAN FEDERATION,606496.0,2200000.0
2017-11-23,LITHUANIA,107959.59,3300000.0
2017-11-23,LITHUANIA,108126.35,2421501.91
2017-11-23,LITHUANIA,108297.19,2421501.91
2017-11-23,LITHUANIA,108463.96,2421501.91
2017-11-23,LITHUANIA,461212.62,2421501.91
2017-11-26,RUSSIAN FEDERATION,346899.0,1218000.0
2017-11-27,RUSSIAN FEDERATION,250848.0,928000.0
2017-11-11,RUSSIAN FEDERATION,72600.0,360000.0
2017-12-03,RUSSIAN FEDERATION,486331.56,1809000.0
2017-12-03,RUSSIAN FEDERATION,421817.75,1566000.0
2017-12-26,RUSSIAN FEDERATION,19320.0,64000.0
2017-12-26,RUSSIAN FEDERATION,8150.0,64000.0
2017-11-11,RUSSIAN FEDERATION,91200.0,450000.0
2017-12-10,RUSSIAN FEDERATION,225454.31,837000.0
2017-12-10,RUSSIAN FEDERATION,14545.44,54000.0
2017-12-10,RUSSIAN FEDERATION,94545.36,351000.0
2017-12-10,RUSSIAN FEDERATION,683635.69,2538000.0
2017-11-25,RUSSIAN FEDERATION,129225.0,450000.0
2017-11-25,RUSSIAN FEDERATION,322787.5,1125000.0
2017-12-27,CHINA,159241.5,550000.0
2018-01-02,RUSSIAN FEDERATION,20480.0,64000.0
2017-11-28,CHINA,152899.09,4400000.0
2017-11-28,CHINA,153137.72,2421501.91
2017-11-28,CHINA,153370.92,2421501.91
2017-11-28,CHINA,153604.12,2421501.91
2017-11-28,CHINA,652763.88,2421501.91
2017-12-27,CHINA,955449.0,3300000.0
2017-12-27,CHINA,318483.0,1100000.0
2017-11-28,CHINA,945450.0,3300000.0
2017-12-11,RUSSIAN FEDERATION,273035.0,1015.0
2018-01-08,RUSSIAN FEDERATION,20480.0,64000.0
2018-01-08,RUSSIAN FEDERATION,19320.0,64000.0
2017-12-10,RUSSIAN FEDERATION,335500.0,1100000.0
2017-12-21,RUSSIAN FEDERATION,2317744.0,8749620.0
2017-12-21,RUSSIAN FEDERATION,1871100.0,6600000.0
2017-11-17,CHINA,997500.0,3500000.0
2018-01-11,RUSSIAN FEDERATION,38640.0,128000.0
2018-01-11,RUSSIAN FEDERATION,10240.0,32000.0
2017-12-18,RUSSIAN FEDERATION,310500.0,1100000.0
2017-12-19,RUSSIAN FEDERATION,278415.0,1035000.0
2017-12-21,RUSSIAN FEDERATION,989573.38,4398104.0
2018-01-11,GERMANY,59.52,338.6
2018-01-16,RUSSIAN FEDERATION,41200.0,128000.0
2018-01-16,RUSSIAN FEDERATION,20480.0,64000.0
2017-12-14,RUSSIAN FEDERATION,813944.0,3550000.0
2017-11-17,CHINA,593880.0,2000000.0
2017-12-14,RUSSIAN FEDERATION,1375000.0,5500000.0
2017-12-14,RUSSIAN FEDERATION,526750.0,2450000.0
2018-01-22,RUSSIAN FEDERATION,20480.0,64000.0
2018-01-22,VENEZUELA,2059.8,31900.0
2018-01-25,RUSSIAN FEDERATION,4062.5,52000.0
2018-01-02,RUSSIAN FEDERATION,93288.0,374400.0
2018-01-31,RUSSIAN FEDERATION,10670.0,128000.0
2017-12-17,RUSSIAN FEDERATION,314736.0,1052000.0
2018-01-16,RUSSIAN FEDERATION,556400.0,2500000.0
2018-01-17,RUSSIAN FEDERATION,198300.95,891000.0
2018-01-10,GERMANY,63.24,47.37
2017-12-24,RUSSIAN FEDERATION,298358.0,1073000.0
2017-12-24,RUSSIAN FEDERATION,296192.0,1102000.0
2018-01-09,RUSSIAN FEDERATION,232322.0,986000.0
2018-01-16,RUSSIAN FEDERATION,262960.0,1102000.0
2018-01-03,RUSSIAN FEDERATION,276449.19,1095200.0
2018-01-20,RUSSIAN FEDERATION,262960.0,1102000.0
2018-02-16,VENEZUELA,2095.0,32000.0
2018-01-12,RUSSIAN FEDERATION,139800.0,580000.0
2018-01-16,RUSSIAN FEDERATION,113180.0,493000.0
2018-02-09,RUSSIAN FEDERATION,333840.0,1500000.0
2018-02-09,RUSSIAN FEDERATION,53414.4,240000.0
2018-02-09,RUSSIAN FEDERATION,456693.12,2052000.0
2018-01-31,RUSSIAN FEDERATION,214480.0,928.0
2018-01-22,RUSSIAN FEDERATION,131155.2,518400.0
2018-01-15,RUSSIAN FEDERATION,108220.0,420000.0
2018-01-22,RUSSIAN FEDERATION,208500.0,900000.0
2018-01-15,RUSSIAN FEDERATION,253750.0,1050000.0
2018-02-05,RUSSIAN FEDERATION,71560.0,270000.0
2018-03-01,RUSSIAN FEDERATION,15360.0,64000.0
2018-02-05,RUSSIAN FEDERATION,271776.0,1102000.0
2018-01-27,RUSSIAN FEDERATION,144940.0,580000.0
2018-03-06,RUSSIAN FEDERATION,410788.5,1730000.0
2018-02-13,GERMANY,357.0,876.5
2018-02-11,RUSSIAN FEDERATION,122190.0,550000.0
2018-02-26,RUSSIAN FEDERATION,608010.62,2592000.0
2018-01-31,UNITED STATES,89164.8,345600.0
2018-02-10,RUSSIAN FEDERATION,385275.0,1650000.0
2018-02-11,RUSSIAN FEDERATION,94860.0,330000.0
2018-03-13,RUSSIAN FEDERATION,8320.0,64000.0
2018-02-04,RUSSIAN FEDERATION,85658.17,377000.0
2018-02-10,RUSSIAN FEDERATION,783585.0,3300000.0
2018-02-18,RUSSIAN FEDERATION,114820.0,462000.0
2018-02-01,RUSSIAN FEDERATION,122774.0,493000.0
2018-03-07,RUSSIAN FEDERATION,832730.62,3550000.0
2018-03-07,RUSSIAN FEDERATION,139335.77,594000.0
2018-02-04,RUSSIAN FEDERATION,26356.36,116000.0
2018-03-11,RUSSIAN FEDERATION,401118.12,1710000.0
2018-01-31,UNITED STATES,36945.6,143200.0
2018-03-22,RUSSIAN FEDERATION,5440.0,64000.0
2018-03-23,UNITED STATES,35.17,170.0
2018-02-01,RUSSIAN FEDERATION,144440.0,580000.0
2018-03-26,RUSSIAN FEDERATION,9600.0,64000.0
2018-02-27,RUSSIAN FEDERATION,133970.0,550000.0
2018-02-01,RUSSIAN FEDERATION,130982.0,524000.0
2018-03-12,GERMANY,367.14,8362.0
2018-03-13,RUSSIAN FEDERATION,109890.0,435000.0
2018-03-06,RUSSIAN FEDERATION,355338.81,1391200.0
2018-04-09,RUSSIAN FEDERATION,8000.0,64000.0
2018-02-28,RUSSIAN FEDERATION,123102.0,522000.0
2018-03-20,RUSSIAN FEDERATION,278390.0,2200000.0
2018-03-20,RUSSIAN FEDERATION,279490.0,1789050.56
2018-04-12,RUSSIAN FEDERATION,10670.0,64000.0
2018-04-13,COLOMBIA,261.5,50.0
2018-03-22,RUSSIAN FEDERATION,126936.58,460800.0
2018-03-13,RUSSIAN FEDERATION,146160.0,522000.0
2018-02-01,RUSSIAN FEDERATION,14444.0,58000.0
2018-03-04,RUSSIAN FEDERATION,341746.41,1353600.0
2018-03-09,BELARUS,710964.0,2700000.0
2018-04-18,GERMANY,218.88,478.22
2018-04-10,RUSSIAN FEDERATION,113370.0,435000.0
2018-04-07,RUSSIAN FEDERATION,123102.0,522000.0
2018-05-14,RUSSIAN FEDERATION,5440.0,32000.0
2018-04-23,RUSSIAN FEDERATION,268470.0,1102000.0
2018-04-29,RUSSIAN FEDERATION,342796.81,2736000.0
2018-04-29,RUSSIAN FEDERATION,335655.19,1789050.56
2018-05-28,RUSSIAN FEDERATION,5600.0,32000.0
2018-05-07,RUSSIAN FEDERATION,270140.0,1100000.0
2018-05-07,RUSSIAN FEDERATION,254340.0,1044000.0
2018-04-19,RUSSIAN FEDERATION,123102.0,522000.0
2018-05-21,RUSSIAN FEDERATION,262440.0,1100000.0
2018-06-14,RUSSIAN FEDERATION,2240.0,32000.0
2018-05-25,GERMANY,187.0,1005.0
2018-05-28,RUSSIAN FEDERATION,70120.0,288000.0
2018-05-15,GERMANY,89874.4,316800.0
2018-06-13,RUSSIAN FEDERATION,976360.0,4400000.0
2018-05-28,GERMANY,182.29,951.0
2018-06-16,RUSSIAN FEDERATION,842688.0,3300000.0
2018-06-16,UNITED STATES,242940.0,3000000.0
2018-06-16,UNITED STATES,485880.0,1789050.56
2018-05-25,RUSSIAN FEDERATION,78249.6,316800.0
2018-06-10,RUSSIAN FEDERATION,257956.0,1064.0
2018-06-10,RUSSIAN FEDERATION,256040.0,1073000.0
2018-06-17,RUSSIAN FEDERATION,262960.0,1102000.0
2018-07-23,RUSSIAN FEDERATION,6600.0,32000.0
2018-07-01,RUSSIAN FEDERATION,254964.8,1094400.0
2018-07-09,RUSSIAN FEDERATION,254964.8,2188800.0
2018-07-09,RUSSIAN FEDERATION,254964.8,1789050.56
2018-07-10,RUSSIAN FEDERATION,209559.17,806400.0
2018-07-05,RUSSIAN FEDERATION,185325.09,699340.0
2018-07-15,RUSSIAN FEDERATION,322514.0,1363000.0
2018-07-23,UNITED STATES,1392427.62,5201448.0
2018-07-24,RUSSIAN FEDERATION,329376.0,1392000.0
2018-07-24,RUSSIAN FEDERATION,281140.0,1100000.0
2018-08-04,RUSSIAN FEDERATION,1168801.88,5203000.0
2018-08-20,UNITED STATES,3885.0,32000.0
2018-07-03,RUSSIAN FEDERATION,115084.8,518400.0
2018-07-10,RUSSIAN FEDERATION,112808.8,510400.0
2018-07-29,RUSSIAN FEDERATION,284440.0,1100000.0
2018-08-06,RUSSIAN FEDERATION,322514.0,2726000.0
2018-08-06,RUSSIAN FEDERATION,322514.0,1789050.56
2018-08-07,RUSSIAN FEDERATION,339260.0,1100000.0
2018-08-06,RUSSIAN FEDERATION,1538295.0,5500000.0
2018-08-06,RUSSIAN FEDERATION,325864.62,1160280.0
2018-08-06,CHINA,644496.0,2400000.0
2018-08-13,RUSSIAN FEDERATION,317260.0,1100.0
2018-08-25,RUSSIAN FEDERATION,1629622.75,5913000.0
2018-08-26,RUSSIAN FEDERATION,468520.0,1700000.0
2018-08-19,RUSSIAN FEDERATION,311940.0,1100000.0
2018-08-20,RUSSIAN FEDERATION,164098.5,549900.0
2018-08-27,RUSSIAN FEDERATION,317260.0,1100000.0
2018-10-03,COLOMBIA,1056.25,445.0
2018-09-11,RUSSIAN FEDERATION,123300.0,435000.0
2018-09-08,RUSSIAN FEDERATION,465635.5,1550000.0
2018-09-08,RUSSIAN FEDERATION,762048.0,2700000.0
2018-09-09,RUSSIAN FEDERATION,311940.0,1100000.0
2018-09-08,RUSSIAN FEDERATION,467573.0,1550000.0
2018-09-08,CHINA,483498.0,1800000.0
2018-09-04,CHINA,328464.0,1200000.0
2018-09-09,GERMANY,354.0,1025.0
2018-09-24,RUSSIAN FEDERATION,108411.24,345600.0
2018-09-28,RUSSIAN FEDERATION,24429.6,87000.0
2018-09-16,RUSSIAN FEDERATION,186184.0,666000.0
2018-09-23,RUSSIAN FEDERATION,186184.0,666000.0
2018-09-23,RUSSIAN FEDERATION,440724.0,1641600.0
2018-09-24,GERMANY,706.0,1938.5
2018-10-16,RUSSIAN FEDERATION,897000.0,3000000.0
2018-10-07,RUSSIAN FEDERATION,160056.0,522000.0
2018-10-09,RUSSIAN FEDERATION,1017170.88,3530740.0
2018-10-09,LITHUANIA,1021481.25,3530750.0
2018-10-03,RUSSIAN FEDERATION,51720.0,180000.0
2018-10-09,RUSSIAN FEDERATION,1011809.62,3497320.0
2018-10-23,RUSSIAN FEDERATION,1137909.25,3819000.0
2018-10-05,CHINA,872648.0,2800000.0
2018-10-22,RUSSIAN FEDERATION,318325.0,1015000.0
2018-10-22,RUSSIAN FEDERATION,167308.0,546000.0
2018-11-04,RUSSIAN FEDERATION,491052.81,1612800.0
2018-11-12,RUSSIAN FEDERATION,178220.0,551000.0
2018-11-11,RUSSIAN FEDERATION,340100.0,1102000.0
2018-11-11,RUSSIAN FEDERATION,308175.0,1015000.0
2018-11-03,RUSSIAN FEDERATION,1046367.0,3150000.0
2018-11-03,RUSSIAN FEDERATION,1055092.5,3150000.0
2018-11-16,RUSSIAN FEDERATION,2025702.0,6300000.0
2018-11-11,RUSSIAN FEDERATION,227988.8,748800.0
2018-11-26,RUSSIAN FEDERATION,594761.06,1971000.0
2018-12-12,GERMANY,58.76,667.21
2018-11-19,RUSSIAN FEDERATION,308175.0,1015000.0
2018-11-19,RUSSIAN FEDERATION,331150.0,1073000.0
2018-11-08,ESTONIA,2061500.0,7000000.0
2018-11-13,RUSSIAN FEDERATION,165729.0,512850.0
2018-11-25,RUSSIAN FEDERATION,339440.0,1100000.0
2018-11-26,RUSSIAN FEDERATION,135484.06,402440.0
2018-12-27,PERU,9360.0,32000.0
2018-12-02,RUSSIAN FEDERATION,164968.0,493000.0
2018-12-02,RUSSIAN FEDERATION,180936.0,522000.0
2018-12-09,RUSSIAN FEDERATION,374070.0,1073000.0
2018-12-08,NEW ZEALAND,285159.41,945000.0
2019-01-04,GERMANY,34.33,278.17
2018-12-31,RUSSIAN FEDERATION,1089466.12,3267000.0
2018-12-23,RUSSIAN FEDERATION,362267.0,1073.0
2018-12-23,RUSSIAN FEDERATION,283616.0,928.0
2018-12-29,RUSSIAN FEDERATION,161304.0,488800.0
2018-12-29,RUSSIAN FEDERATION,171072.0,518400.0
2018-12-28,RUSSIAN FEDERATION,288896.0,921600.0
2019-01-06,RUSSIAN FEDERATION,112519.0,319000.0
2018-12-19,RUSSIAN FEDERATION,738315.88,2214000.0
2019-11-25,RUSSIAN FEDERATION,275310.03,1102000.0
2020-01-02,PERU,5100.01,32000.0
2019-12-06,RUSSIAN FEDERATION,131328.0,547200.0
2019-12-06,RUSSIAN FEDERATION,275310.03,1102000.0
2019-12-06,SWITZERLAND,120305.6,493000.0
2019-12-07,RUSSIAN FEDERATION,681842.19,3301100.0
2019-12-07,RUSSIAN FEDERATION,118893.5,550000.0
2020-01-10,COLOMBIA,256.0,7184.0
2019-12-22,RUSSIAN FEDERATION,59758.0,223000.0
2019-12-22,RUSSIAN FEDERATION,141536.0,580000.0
2019-12-14,RUSSIAN FEDERATION,323882.53,1102000.0
2019-12-29,RUSSIAN FEDERATION,130023.0,513000.0
2019-12-31,RUSSIAN FEDERATION,1118536.0,5003740.0
2019-12-31,RUSSIAN FEDERATION,512944.12,3314280.0
2019-12-31,RUSSIAN FEDERATION,207381.48,1789050.56
2019-11-25,RUSSIAN FEDERATION,7245.0,29000.0
2019-11-25,RUSSIAN FEDERATION,7245.0,29000.0
2019-12-22,RUSSIAN FEDERATION,316728.31,1073000.0
2019-12-29,RUSSIAN FEDERATION,299486.88,1008000.0
2020-02-08,UNITED STATES,2110.0,32000.0
2020-01-18,RUSSIAN FEDERATION,377440.0,1624000.0
2020-01-18,RUSSIAN FEDERATION,384180.0,1653000.0
2020-01-11,RUSSIAN FEDERATION,191851.8,812000.0
2020-01-22,RUSSIAN FEDERATION,191851.8,812000.0
2020-02-06,GERMANY,3333.33,550.0
2020-02-09,RUSSIAN FEDERATION,127170.0,522000.0
2020-02-09,RUSSIAN FEDERATION,83892.0,336000.0
2020-02-09,RUSSIAN FEDERATION,45000.0,174000.0
2020-03-03,RUSSIAN FEDERATION,1705709.25,7342704.0
2020-03-03,RUSSIAN FEDERATION,514956.44,2278770.25
2020-03-03,PAISES BAJOS,2852.85,18592.0
2020-03-04,RUSSIAN FEDERATION,92784.0,348000.0
2020-03-02,RUSSIAN FEDERATION,82115.0,319000.0
2020-03-02,RUSSIAN FEDERATION,330050.0,1334000.0
2020-03-26,RUSSIAN FEDERATION,84372.0,312000.0
2020-03-23,RUSSIAN FEDERATION,204282.0,864000.0
2020-04-15,RUSSIAN FEDERATION,551168.62,2187000.0
2020-03-29,RUSSIAN FEDERATION,313232.41,1324800.0
2020-04-04,RUSSIAN FEDERATION,136324.8,522000.0
2020-04-04,RUSSIAN FEDERATION,127764.0,522000.0
2020-03-29,RUSSIAN FEDERATION,294294.0,1218000.0
2020-03-29,RUSSIAN FEDERATION,71750.0,290000.0
2020-04-04,RUSSIAN FEDERATION,140923.0,551000.0
2020-04-05,RUSSIAN FEDERATION,271210.0,1073000.0
2020-04-12,RUSSIAN FEDERATION,286729.75,1094400.0
2020-04-25,RUSSIAN FEDERATION,425534.56,1641600.0
2020-04-19,RUSSIAN FEDERATION,272980.44,1073000.0
2020-04-17,RUSSIAN FEDERATION,69972.0,300000.0
2020-04-24,RUSSIAN FEDERATION,897974.0,3850000.0
2020-04-17,RUSSIAN FEDERATION,2088944.0,8800000.0
2020-05-07,GERMANY,244.54,1787.0
2020-04-26,RUSSIAN FEDERATION,427645.31,1653000.0
2020-04-26,RUSSIAN FEDERATION,420142.78,1624000.0
2020-04-26,RUSSIAN FEDERATION,114710.0,450000.0
2020-05-02,RUSSIAN FEDERATION,427645.31,1653000.0
2020-05-02,RUSSIAN FEDERATION,327240.0,1305000.0
2020-05-16,RUSSIAN FEDERATION,405137.66,1566000.0
2020-05-10,RUSSIAN FEDERATION,420142.78,1624000.0
2020-05-22,RUSSIAN FEDERATION,450152.97,1740000.0
2020-05-18,RUSSIAN FEDERATION,129330.0,522000.0
2020-05-22,RUSSIAN FEDERATION,250181.0,1003000.0
2020-05-31,RUSSIAN FEDERATION,269064.0,2175000.0
2020-05-31,RUSSIAN FEDERATION,276336.0,1789050.56
2020-06-03,CHINA,706200.0,3300000.0
2020-06-03,RUSSIAN FEDERATION,224400.0,2100000.0
2020-06-03,RUSSIAN FEDERATION,219000.0,1789050.56
2020-06-03,RUSSIAN FEDERATION,205713.67,1014023.0
2020-06-03,RUSSIAN FEDERATION,22857.25,1183290.13
2020-06-07,RUSSIAN FEDERATION,73080.0,203000.0
2020-06-28,RUSSIAN FEDERATION,698115.0,3300000.0
2020-06-28,RUSSIAN FEDERATION,312690.0,1500000.0
2020-06-28,RUSSIAN FEDERATION,908160.0,4400000.0
2020-06-28,RUSSIAN FEDERATION,902815.0,4418200.0
2020-06-28,RUSSIAN FEDERATION,362700.0,1800000.0
2020-06-28,RUSSIAN FEDERATION,445677.06,2179350.0
2020-06-21,RUSSIAN FEDERATION,79233.0,319000.0
2020-06-21,RUSSIAN FEDERATION,110170.58,491000.0
2020-07-17,GERMANY,250.5,2068.0
2020-06-21,RUSSIAN FEDERATION,6507.02,29000.0
2020-07-05,RUSSIAN FEDERATION,74140.0,319000.0
2020-07-23,GERMANY,3030.0,1300.0
2020-07-12,RUSSIAN FEDERATION,254193.7,1073000.0
2020-07-12,RUSSIAN FEDERATION,255344.42,1102000.0
2020-09-01,BELARUS,1016400.0,4395000.0
2020-09-01,BELARUS,143880.0,3525985.78
2020-08-29,CHINA,639935.56,2700150.0
2020-09-01,CHINA,954250.69,4185310.0
2020-08-29,BELARUS,419148.0,1800000.0
2020-09-01,BELARUS,500000.0,2605000.0
2020-09-01,BELARUS,151250.0,1789050.56
2020-08-22,RUSSIAN FEDERATION,245489.64,957000.0
2020-08-22,RUSSIAN FEDERATION,108795.0,435000.0
2020-07-28,CHINA,4850.0,48000.0
2020-07-28,CHINA,11017.5,1183290.13
2020-07-28,CHINA,19831.5,1183290.13
2020-08-29,RUSSIAN FEDERATION,282377.97,1094400.0
2020-08-28,RUSSIAN FEDERATION,275245.97,1073000.0
2020-08-29,RUSSIAN FEDERATION,245489.64,957000.0
2020-08-14,CHINA,75548.6,280700.0
2020-08-29,RUSSIAN FEDERATION,274946.97,1065600.0
2020-09-06,RUSSIAN FEDERATION,263422.0,1037000.0
2020-09-07,RUSSIAN FEDERATION,258632.0,1100000.0
2020-09-07,RUSSIAN FEDERATION,884932.5,3604760.0
2020-09-07,ESTONIA,473725.0,1902510.0
2020-09-07,RUSSIAN FEDERATION,522550.47,2068360.0
2020-08-29,INDIA,307512.0,312000.0
2020-09-12,RUSSIAN FEDERATION,265284.0,1044000.0
2020-09-14,RUSSIAN FEDERATION,108978.52,406000.0
2020-09-24,RUSSIAN FEDERATION,1762867.5,6950000.0
2020-09-18,CHINA,424570.59,1603000.0
2020-09-21,RUSSIAN FEDERATION,424625.94,1479000.0
2020-10-25,RUSSIAN FEDERATION,109115.1,405000.0
2020-09-28,RUSSIAN FEDERATION,416299.94,1450000.0
2020-09-25,RUSSIAN FEDERATION,416299.94,1450000.0
2020-10-07,BELARUS,424322.31,1650610.0
2020-10-22,CHINA,1086800.0,4400000.0
2020-10-03,RUSSIAN FEDERATION,316813.59,1094400.0
2020-10-03,RUSSIAN FEDERATION,316813.59,1094400.0
2020-10-22,BELARUS,188227.5,2150000.0
2020-10-22,BELARUS,350854.0,3525985.78
2020-10-22,BELGIUM,1380335.0,5500000.0
2020-10-22,BELARUS,45776.96,1529161.0
2020-10-22,BELARUS,324280.0,1789050.56
2020-10-03,RUSSIAN FEDERATION,68112.0,232000.0
2020-10-18,RUSSIAN FEDERATION,347501.0,1276000.0
2020-10-20,RUSSIAN FEDERATION,150512.64,492000.0
2020-10-18,RUSSIAN FEDERATION,51084.0,174000.0
2020-10-27,RUSSIAN FEDERATION,3335417.25,13895000.0
2020-10-27,RUSSIAN FEDERATION,48710.0,3525985.78
2020-10-27,RUSSIAN FEDERATION,893000.0,3800000.0
2020-10-27,CHINA,1086750.0,4500000.0
2020-10-18,RUSSIAN FEDERATION,316813.59,1094400.0
2020-10-30,RUSSIAN FEDERATION,145435.5,486000.0
2020-10-25,RUSSIAN FEDERATION,339603.25,1247000.0
2020-10-18,RUSSIAN FEDERATION,347501.0,1276000.0
2020-11-15,RUSSIAN FEDERATION,55905.12,216000.0
2020-11-23,RUSSIAN FEDERATION,466000.0,2000000.0
2020-11-23,RUSSIAN FEDERATION,720000.0,3000000.0
2020-11-23,RUSSIAN FEDERATION,3378500.0,14500000.0
2020-12-21,PERU,20864.0,64000.0
2020-12-05,RUSSIAN FEDERATION,62497.57,945000.0
2020-12-05,RUSSIAN FEDERATION,62153.83,1789050.56
2020-12-05,RUSSIAN FEDERATION,61810.09,1789050.56
2020-12-05,RUSSIAN FEDERATION,61466.34,1789050.56
2020-11-16,RUSSIAN FEDERATION,296776.0,1073000.0
2020-11-12,RUSSIAN FEDERATION,191971.19,691200.0
2020-11-21,RUSSIAN FEDERATION,118575.0,435000.0
2020-11-28,RUSSIAN FEDERATION,359946.0,1296000.0
2020-12-01,RUSSIAN FEDERATION,449923.78,1653000.0
2020-12-12,RUSSIAN FEDERATION,62497.57,945000.0
2020-12-12,RUSSIAN FEDERATION,62153.83,1789050.56
2020-12-12,RUSSIAN FEDERATION,61810.09,1789050.56
2020-12-12,RUSSIAN FEDERATION,61466.34,1789050.56
2021-01-07,PERU,6520.0,64000.0
2020-11-21,RUSSIAN FEDERATION,85056.4,316800.0
2020-12-19,RUSSIAN FEDERATION,980025.94,4005010.0
2020-11-17,RUSSIAN FEDERATION,95249.0,319000.0
2020-11-17,RUSSIAN FEDERATION,82940.0,319000.0
2020-12-14,RUSSIAN FEDERATION,514030.97,2098000.0
2020-12-08,RUSSIAN FEDERATION,46203.5,700000.0
2020-12-08,RUSSIAN FEDERATION,45948.88,1789050.56
2020-12-08,RUSSIAN FEDERATION,45694.25,1789050.56
2020-12-08,RUSSIAN FEDERATION,45439.63,1789050.56
2020-11-16,CHINA,675000.0,2700000.0
2020-12-19,RUSSIAN FEDERATION,168250.0,673000.0
2020-12-14,RUSSIAN FEDERATION,556757.5,2180370.0
2020-11-16,ALGERIA,229041.0,900000.0
2020-12-19,RUSSIAN FEDERATION,133399.0,493000.0
2020-12-19,RUSSIAN FEDERATION,1125675.0,6327000.0
2020-12-19,RUSSIAN FEDERATION,475933.5,3525985.78
2020-12-14,RUSSIAN FEDERATION,46203.5,700000.0
2020-12-14,RUSSIAN FEDERATION,45948.88,1789050.56
2020-12-14,RUSSIAN FEDERATION,45694.25,1789050.56
2020-12-14,RUSSIAN FEDERATION,45439.63,1789050.56
2020-12-25,RUSSIAN FEDERATION,137070.0,522000.0
2020-12-11,CHINA,94854.45,360000.0
2020-12-11,CHINA,17750.55,478140.0
2020-12-25,RUSSIAN FEDERATION,312704.38,1073000.0
2020-12-25,RUSSIAN FEDERATION,321155.88,1102000.0
2021-01-24,RUSSIAN FEDERATION,806850.0,3300000.0
2021-01-24,RUSSIAN FEDERATION,687150.0,2700000.0
2021-01-24,RUSSIAN FEDERATION,469980.0,1800000.0
2021-01-24,RUSSIAN FEDERATION,1102200.0,4400000.0
2021-01-24,RUSSIAN FEDERATION,614779.19,2280000.0
2021-01-24,RUSSIAN FEDERATION,777810.0,3000000.0
2021-02-11,RUSSIAN FEDERATION,2558455.75,7004670.0
2021-01-26,RUSSIAN FEDERATION,91894.0,319000.0
2021-02-11,RUSSIAN FEDERATION,1657575.0,4500000.0
2021-02-11,RUSSIAN FEDERATION,1003424.31,3900000.0
2021-02-11,RUSSIAN FEDERATION,164775.67,1789050.56
2021-02-11,RUSSIAN FEDERATION,212400.0,1789050.56
2021-01-25,RUSSIAN FEDERATION,124852.0,392000.0
2021-02-11,RUSSIAN FEDERATION,215400.0,600000.0
2021-02-15,PAISES BAJOS,3108.17,26200.0
2021-02-11,RUSSIAN FEDERATION,164775.67,465468.0
2021-02-11,RUSSIAN FEDERATION,212400.0,600000.0
2021-02-26,RUSSIAN FEDERATION,524115.06,1653000.0
2021-02-01,RUSSIAN FEDERATION,83540.0,290000.0
2021-02-09,RUSSIAN FEDERATION,225475.31,812000.0
2021-02-09,RUSSIAN FEDERATION,48875.0,145000.0
2021-02-26,RUSSIAN FEDERATION,225475.31,812000.0
2021-02-19,RUSSIAN FEDERATION,167660.59,580000.0
2021-03-09,RUSSIAN FEDERATION,505725.06,1595000.0
2021-02-19,RUSSIAN FEDERATION,8383.0,29000.0
2021-03-16,RUSSIAN FEDERATION,283540.31,1008000.0
2021-03-16,RUSSIAN FEDERATION,283540.31,1008000.0
2021-03-15,RUSSIAN FEDERATION,380688.03,1008000.0
2021-03-22,RUSSIAN FEDERATION,337180.84,892800.0
2021-03-22,RUSSIAN FEDERATION,175950.0,522000.0
2021-03-22,RUSSIAN FEDERATION,349410.0,2175000.0
2021-03-22,RUSSIAN FEDERATION,340215.0,1789050.56
2021-04-19,RUSSIAN FEDERATION,1034000.0,2750000.0
2021-04-28,INDONESIA,1298814.0,3300000.0
2021-04-28,INDONESIA,1922629.5,4950000.0
2021-04-19,RUSSIAN FEDERATION,263394.59,1020000.0
2021-03-30,RUSSIAN FEDERATION,317696.41,842400.0
2021-04-19,ESTONIA,419205.84,1120362.0
2021-04-19,ESTONIA,1293010.5,3361088.0
2021-04-19,RUSSIAN FEDERATION,1226377.12,3367780.0
2021-04-23,RUSSIAN FEDERATION,859520.0,2176000.0
2021-04-12,RUSSIAN FEDERATION,374048.03,928000.0
2021-04-12,RUSSIAN FEDERATION,360254.03,894000.0
2021-04-28,INDONESIA,1270500.0,3300000.0
2021-04-28,INDONESIA,926594.62,3299752.0
2021-04-28,INDONESIA,369386.09,3525985.78
2021-04-28,INDONESIA,875380.0,2200000.0
2021-03-27,CHINA,825990.0,2200000.0
2021-03-31,CHINA,2040449.75,5508030.0
2021-04-19,RUSSIAN FEDERATION,190548.0,504000.0
2021-04-27,RUSSIAN FEDERATION,226640.0,580000.0
2021-04-27,RUSSIAN FEDERATION,229540.0,580000.0
2021-04-27,RUSSIAN FEDERATION,423616.0,1064000.0
2021-05-25,RUSSIAN FEDERATION,1845539.62,5402950.0
2021-05-03,RUSSIAN FEDERATION,370128.0,957000.0
2021-05-10,RUSSIAN FEDERATION,105318.0,261000.0
2021-05-19,CHINA,598568.38,1800000.0
2021-05-19,CHINA,143098.69,1680000.0
2021-05-19,CHINA,457916.16,1183290.13
2021-05-10,RUSSIAN FEDERATION,198234.0,522000.0
2021-05-19,CHINA,820198.5,2200000.0
2021-05-19,CHINA,761809.5,2150000.0
2021-05-19,CHINA,597217.44,1759990.0
2021-05-19,CHINA,1143298.88,3226650.0
2021-05-19,CHINA,1142864.62,3271590.0
2021-05-19,CHINA,1061074.75,3271590.0
2021-05-25,RUSSIAN FEDERATION,194123.0,493000.0
2021-05-17,CHINA,146000.0,400000.0
2021-06-15,RUSSIAN FEDERATION,361970.0,1008000.0
2021-05-18,CHINA,122814.5,300000.0
2021-06-21,RUSSIAN FEDERATION,524398.0,1411200.0
2021-06-21,RUSSIAN FEDERATION,424022.0,1180800.0
2021-07-04,RUSSIAN FEDERATION,4554170.0,10052690.0
2021-06-27,RUSSIAN FEDERATION,278251.97,748800.0
2021-06-27,RUSSIAN FEDERATION,208129.0,550000.0
2021-07-11,RUSSIAN FEDERATION,468827.0,1073000.0
2021-06-27,RUSSIAN FEDERATION,54630.0,145000.0
2021-07-11,RUSSIAN FEDERATION,273020.0,638000.0
2021-07-04,RUSSIAN FEDERATION,2258119.5,4887070.0
2021-07-19,RUSSIAN FEDERATION,439791.03,950400.0
2021-07-19,RUSSIAN FEDERATION,559734.06,1209600.0
2021-08-19,RUSSIAN FEDERATION,130442.0,377000.0
2021-07-26,RUSSIAN FEDERATION,392159.16,841000.0
2021-07-26,RUSSIAN FEDERATION,270454.59,580000.0
2021-08-01,RUSSIAN FEDERATION,139617.0,261000.0
2021-08-01,RUSSIAN FEDERATION,552521.0,1073000.0
2021-08-01,RUSSIAN FEDERATION,307503.0,609000.0
2021-08-16,RUSSIAN FEDERATION,1121197.75,2188800.0
2021-08-08,RUSSIAN FEDERATION,375499.97,725000.0
2021-08-08,RUSSIAN FEDERATION,375499.97,725000.0
2021-08-08,RUSSIAN FEDERATION,375499.97,725000.0
2021-08-22,RUSSIAN FEDERATION,260442.0,522000.0
2021-09-08,RUSSIAN FEDERATION,1400025.0,3300000.0
2021-09-08,RUSSIAN FEDERATION,1467510.0,3300000.0
2021-08-22,RUSSIAN FEDERATION,312048.0,638000.0
2021-08-22,RUSSIAN FEDERATION,234288.0,464000.0
2021-08-30,RUSSIAN FEDERATION,404320.0,812000.0
2021-09-24,RUSSIAN FEDERATION,1672125.0,3750000.0
2021-09-24,RUSSIAN FEDERATION,1750540.0,4000000.0
2021-10-07,RUSSIAN FEDERATION,1278201.62,2731200.0
2021-10-07,RUSSIAN FEDERATION,769017.62,1643200.0
2021-09-24,RUSSIAN FEDERATION,279500.0,650000.0
2021-09-24,RUSSIAN FEDERATION,1754830.0,3850000.0
2021-09-24,RUSSIAN FEDERATION,211785.91,3369800.0
2021-09-24,RUSSIAN FEDERATION,73125.35,1789050.56
2021-09-24,RUSSIAN FEDERATION,333983.66,1789050.56
2021-09-24,RUSSIAN FEDERATION,407639.28,1789050.56
2021-09-24,RUSSIAN FEDERATION,453347.09,1789050.56
2021-09-24,RUSSIAN FEDERATION,1794677.5,3850000.0
2021-09-26,CHINA,2160720.0,4500000.0
2021-09-26,CHINA,2937223.0,4170000.0
2021-09-14,RUSSIAN FEDERATION,387585.62,754000.0
2021-09-21,RUSSIAN FEDERATION,364482.0,696000.0
2021-09-21,RUSSIAN FEDERATION,476417.59,928000.0
2021-09-21,RUSSIAN FEDERATION,592283.25,1131000.0
2021-09-21,RUSSIAN FEDERATION,355371.38,696000.0
2021-10-14,RUSSIAN FEDERATION,1097645.75,2146000.0
2021-10-14,RUSSIAN FEDERATION,14833.05,29000.0
2021-11-18,CHINA,4285890.0,7000000.0
2021-10-21,RUSSIAN FEDERATION,123614.0,232000.0
2021-10-26,RUSSIAN FEDERATION,1705370.5,2336380.0
2021-10-26,RUSSIAN FEDERATION,4131845.0,6541870.0
2021-11-04,RUSSIAN FEDERATION,1090076.25,2175000.0
2021-12-22,RUSSIAN FEDERATION,856178.38,1082400.0
2021-12-22,RUSSIAN FEDERATION,531048.0,654000.0
2021-11-22,RUSSIAN FEDERATION,4037164.5,4449990.0
2021-12-21,RUSSIAN FEDERATION,2595450.0,3300000.0
2021-12-21,RUSSIAN FEDERATION,2148552.0,2646000.0
2022-01-03,UNITED STATES,1936422.38,2200480.0
2022-01-03,UNITED STATES,4007856.75,4411510.0
2021-12-16,RUSSIAN FEDERATION,817052.0,928000.0
2021-12-16,RUSSIAN FEDERATION,791516.0,899000.0
2022-01-03,RUSSIAN FEDERATION,3017914.5,3311150.0
2021-12-30,RUSSIAN FEDERATION,4102500.0,5000000.0
2021-12-30,RUSSIAN FEDERATION,3534333.0,5000000.0
2021-12-30,RUSSIAN FEDERATION,555026.69,1449536.97
2021-12-16,RUSSIAN FEDERATION,714883.0,812000.0
2021-12-30,RUSSIAN FEDERATION,261150.0,300000.0
2021-12-21,RUSSIAN FEDERATION,622128.0,748800.0
2021-12-30,RUSSIAN FEDERATION,2479936.0,3001060.0
2021-12-30,RUSSIAN FEDERATION,824260.0,1000000.0
2022-01-05,RUSSIAN FEDERATION,822500.0,1000000.0
2022-01-08,CHINA,2780250.0,3300000.0
2022-01-08,CHINA,1468388.88,2200000.0
2022-01-08,CHINA,495243.16,1789050.56
2022-01-27,CHINA,590291.56,1364836.0
2022-01-27,CHINA,597818.62,1789050.56
2021-12-30,RUSSIAN FEDERATION,851300.0,1000000.0
2021-12-30,RUSSIAN FEDERATION,452070.0,522000.0
2021-12-30,RUSSIAN FEDERATION,256950.0,290000.0
2021-12-19,RUSSIAN FEDERATION,308388.0,720000.0
2021-12-19,RUSSIAN FEDERATION,299100.0,1789050.56
2021-12-19,RUSSIAN FEDERATION,616776.0,720000.0
2021-12-19,RUSSIAN FEDERATION,452342.59,522000.0
2022-01-05,RUSSIAN FEDERATION,613327.69,718940.0
2021-12-30,RUSSIAN FEDERATION,2437513.75,2946170.0
2022-01-12,RUSSIAN FEDERATION,526796.0,508000.0
2021-12-16,PAISES BAJOS,25811.0,29000.0
2022-01-28,RUSSIAN FEDERATION,432911.22,502602.0
2022-01-20,RUSSIAN FEDERATION,511479.0,493000.0
2022-02-27,RUSSIAN FEDERATION,485268.0,604800.0
2022-02-27,RUSSIAN FEDERATION,670132.0,835200.0
2022-02-27,RUSSIAN FEDERATION,577700.0,720000.0
2022-02-27,RUSSIAN FEDERATION,111215.0,145000.0
2022-04-04,RUSSIAN FEDERATION,1799624.75,2928600.0
2022-02-27,RUSSIAN FEDERATION,149118.0,174000.0
2022-04-04,RUSSIAN FEDERATION,2869445.25,2929500.0
2022-03-05,RUSSIAN FEDERATION,2351764.0,4399521.0
2022-03-05,RUSSIAN FEDERATION,1209010.0,2200000.0
2022-06-28,RUSSIAN FEDERATION,412794.62,5241448.0
2022-06-28,RUSSIAN FEDERATION,1121424.38,1789050.56
2022-06-28,RUSSIAN FEDERATION,1129660.5,1789050.56
2022-06-28,RUSSIAN FEDERATION,1137911.5,1789050.56
2022-07-15,RUSSIAN FEDERATION,1995389.5,6273000.0
2022-07-15,RUSSIAN FEDERATION,301500.0,2581862.62
2022-07-15,RUSSIAN FEDERATION,86932.5,2581862.62
2022-07-15,RUSSIAN FEDERATION,768360.44,2581862.62
2022-07-18,RUSSIAN FEDERATION,983500.0,2000000.0
2022-07-15,RUSSIAN FEDERATION,814471.25,2200000.0
2022-07-15,RUSSIAN FEDERATION,344488.75,1789050.56
2022-08-24,COLOMBIA,584.29,1286.7
2022-09-01,UNITED STATES,3042897.5,4700000.0
2022-09-09,UNITED STATES,208.92,49.69
2022-09-09,UNITED STATES,70.82,41.42
2022-07-28,RUSSIAN FEDERATION,975700.0,2000000.0
2022-09-14,UNITED STATES,700.0,33.16
2022-09-26,PERU,145600.0,224000.0
2022-09-30,PERU,145600.0,224000.0
2022-10-07,PERU,145600.0,224000.0
2022-10-10,PERU,145600.0,224000.0
2022-10-14,PERU,83200.0,128000.0
2022-09-28,RUSSIAN FEDERATION,318862.5,550000.0
2022-11-04,RUSSIAN FEDERATION,8778592.0,13830000.0
2022-11-04,RUSSIAN FEDERATION,1269500.0,2000000.0
2022-11-04,RUSSIAN FEDERATION,1840300.0,2800000.0
2022-11-04,RUSSIAN FEDERATION,5622400.0,11000000.0
2022-11-04,RUSSIAN FEDERATION,861030.38,2581862.62
2022-11-04,RUSSIAN FEDERATION,584729.62,2581862.62
2022-11-04,RUSSIAN FEDERATION,692725.0,1100000.0
2022-11-04,RUSSIAN FEDERATION,681816.69,1100000.0
2022-11-04,RUSSIAN FEDERATION,697653.0,1100000.0
2022-12-10,UNITED STATES,16.1,34.88
2022-12-01,RUSSIAN FEDERATION,1284468.0,2750000.0
2022-12-01,RUSSIAN FEDERATION,383132.0,1183290.13
2022-12-01,RUSSIAN FEDERATION,1455055.5,2550000.0
2022-12-01,RUSSIAN FEDERATION,139073.0,660000.0
2022-12-01,RUSSIAN FEDERATION,273614.0,449310.16
2022-12-01,RUSSIAN FEDERATION,116733.71,2750000.0
2022-12-01,RUSSIAN FEDERATION,1580864.38,1789050.56
2022-12-01,RUSSIAN FEDERATION,1021581.0,1870000.0
2023-02-02,PERU,204800.0,320000.0
2023-01-04,RUSSIAN FEDERATION,2149576.0,4400000.0
2023-02-07,PERU,81920.0,128000.0
2023-02-07,PERU,204800.0,320000.0
2023-01-07,RUSSIAN FEDERATION,1627518.38,3500510.0
2023-01-04,RUSSIAN FEDERATION,784763.44,1650700.0
2023-02-09,PERU,143360.0,224000.0
2023-02-07,RUSSIAN FEDERATION,377850.0,4018372.0
2023-02-07,RUSSIAN FEDERATION,123660.0,2764157.8
2023-01-04,RUSSIAN FEDERATION,2634500.0,5500000.0
2023-01-04,RUSSIAN FEDERATION,526900.0,1100000.0
2023-02-07,RUSSIAN FEDERATION,2057088.0,4400000.0
2023-02-07,RUSSIAN FEDERATION,668553.62,1430000.0
2023-02-14,PERU,133440.0,192000.0
2022-12-29,MALAYSIA,2171698.0,4396150.0
2023-01-07,RUSSIAN FEDERATION,1530443.75,3300000.0
2023-02-07,RUSSIAN FEDERATION,1534087.5,3300000.0
2022-12-29,MALAYSIA,1687026.0,3300000.0
2022-12-29,MALAYSIA,368893.0,700150.0
2022-12-29,MALAYSIA,79.05,2782829.8
2023-01-27,RUSSIAN FEDERATION,1808576.0,4400000.0
2023-01-27,RUSSIAN FEDERATION,459052.0,1100000.0
2023-01-27,RUSSIAN FEDERATION,1344321.0,3300000.0
2023-03-02,PERU,20480.0,32000.0
2023-03-15,PERU,7344.0,32000.0
2023-03-22,PERU,6665.0,32000.0
2023-03-22,PERU,12750.0,3525985.78
2023-03-30,PERU,5900.0,32000.0
2023-02-20,NIGERIA,2428800.0,6184640.0
2023-02-20,NIGERIA,74742.27,2782829.8
2023-03-28,RUSSIAN FEDERATION,1775016.62,5435000.0
2023-03-28,RUSSIAN FEDERATION,1245678.0,3800000.0
2023-02-28,RUSSIAN FEDERATION,684347.31,2200120.0
2023-02-28,RUSSIAN FEDERATION,1023000.0,3300000.0
2023-03-28,RUSSIAN FEDERATION,612258.44,1884800.0
2023-03-28,RUSSIAN FEDERATION,675608.06,2079818.0
2023-02-28,FINLAND,215820.0,660000.0
2023-04-01,COLOMBIA,1256.91,4733.51
2023-04-18,PERU,8580.0,32000.0
2023-03-17,RUSSIAN FEDERATION,702290.25,2025000.0
2023-04-10,RUSSIAN FEDERATION,2807500.0,10000000.0
2023-04-10,RUSSIAN FEDERATION,228744.0,800000.0
2023-03-31,RUSSIAN FEDERATION,217598.0,700050.0
2023-03-31,RUSSIAN FEDERATION,15.54,1600059.75
2023-03-31,RUSSIAN FEDERATION,1207135.75,4124140.0
2023-03-31,RUSSIAN FEDERATION,885348.69,3000470.0
2023-04-10,RUSSIAN FEDERATION,1266336.62,4518270.0
2023-04-23,RUSSIAN FEDERATION,1144120.0,4000000.0
2023-04-23,RUSSIAN FEDERATION,1318284.0,4400000.0
2023-04-23,RUSSIAN FEDERATION,1156640.0,4000000.0
2023-04-23,RUSSIAN FEDERATION,289130.0,1000460.0
2023-04-23,RUSSIAN FEDERATION,133.0,2764157.8
2023-04-10,RUSSIAN FEDERATION,662360.19,2275370.0
2023-04-10,RUSSIAN FEDERATION,280750.0,1000000.0
2023-04-10,RUSSIAN FEDERATION,714825.0,2500000.0
2023-04-23,RUSSIAN FEDERATION,669454.19,2218940.0
2023-04-23,RUSSIAN FEDERATION,582578.62,2000270.0
2023-05-09,RUSSIAN FEDERATION,1548033.38,10453220.0
2023-05-09,RUSSIAN FEDERATION,928587.0,2581862.62
2023-05-09,RUSSIAN FEDERATION,387899.78,2581862.62
2023-05-09,RUSSIAN FEDERATION,59600.2,2581862.62
2023-05-09,RUSSIAN FEDERATION,436425.0,3379060.0
2023-05-09,RUSSIAN FEDERATION,17964.84,2764157.8
2023-05-09,RUSSIAN FEDERATION,524605.31,1882600.0
2023-05-09,RUSSIAN FEDERATION,190765.06,684580.0
2023-05-09,RUSSIAN FEDERATION,151761.5,550000.0
2023-06-25,RUSSIAN FEDERATION,1477575.0,4950000.0
2023-06-25,RUSSIAN FEDERATION,1556390.0,5500000.0
2023-06-25,RUSSIAN FEDERATION,494983.5,1650000.0
2023-06-25,RUSSIAN FEDERATION,636570.0,2200000.0
2023-06-25,RUSSIAN FEDERATION,629475.0,2100000.0
2023-06-25,RUSSIAN FEDERATION,576786.0,2100000.0
2023-06-21,CHINA,11760.0,28000.0
2023-08-31,CHINA,143376.3,290400.0
2023-09-05,RUSSIAN FEDERATION,111437.37,297000.0
2023-09-07,RUSSIAN FEDERATION,111437.37,297000.0
2023-09-12,RUSSIAN FEDERATION,67069.77,294000.0
2023-09-12,RUSSIAN FEDERATION,54649.65,2764157.8
2023-09-11,RUSSIAN FEDERATION,1476592.75,4080000.0
2023-08-25,RUSSIAN FEDERATION,1088580.0,3000000.0
2023-09-11,RUSSIAN FEDERATION,436208.09,3064000.0
2023-09-11,RUSSIAN FEDERATION,819940.0,3525985.78
2023-09-11,RUSSIAN FEDERATION,431971.59,1206692.0
2023-08-18,RUSSIAN FEDERATION,1073940.0,3219880.0
2023-08-18,RUSSIAN FEDERATION,78712.64,1789050.56
2023-09-11,RUSSIAN FEDERATION,24987.0,3079918.0
2023-09-11,RUSSIAN FEDERATION,506183.72,1789050.56
2023-09-11,RUSSIAN FEDERATION,571378.31,1789050.56
2023-08-18,RUSSIAN FEDERATION,1394712.0,3300680.0
2023-08-18,RUSSIAN FEDERATION,286.39,1600059.75
2023-08-25,RUSSIAN FEDERATION,196889.0,550000.0
2023-08-29,CHINA,1171830.0,3000000.0
2023-08-18,FINLAND,390000.0,1000000.0
2023-08-25,FINLAND,367906.0,2625000.0
2023-08-25,FINLAND,367906.0,2764157.8
2023-08-29,RUSSIAN FEDERATION,527674.5,3900000.0
2023-11-06,PERU,3675.0,32000.0
2023-09-30,INDONESIA,909964.0,2200000.0
2023-09-30,INDONESIA,4000000.0,11500000.0
2023-09-30,INDONESIA,600000.0,3525985.78
2023-09-30,INDONESIA,545610.69,4101199.0
2023-09-30,INDONESIA,555547.62,1789050.56
2023-09-30,INDONESIA,550449.88,1789050.56
2023-10-02,EGYPT,188093.62,455120.0
2023-10-02,EGYPT,93502.33,613160.56
2023-10-02,EGYPT,70448.48,113860.0
2023-10-12,RUSSIAN FEDERATION,1289162.38,3373093.0
2023-10-14,RUSSIAN FEDERATION,411323.0,1100000.0
2023-10-13,RUSSIAN FEDERATION,732015.0,3649848.0
2023-10-13,RUSSIAN FEDERATION,425223.0,2764157.8
2023-10-13,RUSSIAN FEDERATION,16213.64,2764157.8
2023-10-13,RUSSIAN FEDERATION,3.78,2764157.8
2023-10-12,RUSSIAN FEDERATION,429720.69,1124364.0
2023-10-14,RUSSIAN FEDERATION,430012.0,1100000.0
2023-10-12,RUSSIAN FEDERATION,225524.94,562182.0
2023-10-12,RUSSIAN FEDERATION,428382.69,1124364.0
2023-11-30,MALAYSIA,1394308.0,3360993.0
2023-11-30,MALAYSIA,439483.0,1120331.0
2023-11-30,MALAYSIA,8122.84,2764157.8
2023-11-30,MALAYSIA,1564080.0,4349176.0
2023-11-30,MALAYSIA,136534.8,1183290.13
2023-11-01,CHINA,2223100.0,7480000.0
2023-11-04,CHINA,445335.0,1100000.0
2023-11-04,RUSSIAN FEDERATION,395450.0,1000000.0
2023-10-29,CHINA,1340988.0,3300000.0
2023-11-24,RUSSIAN FEDERATION,1614272.0,4400000.0
2023-11-24,RUSSIAN FEDERATION,1049550.0,3000000.0
2023-11-24,RUSSIAN FEDERATION,1080330.0,3000000.0
2023-11-04,CHINA,30498.4,80000.0
2023-10-29,CHINA,445951.0,1100000.0
2023-11-04,CHINA,319144.0,800000.0
2023-11-20,RUSSIAN FEDERATION,449229.53,6600617.0
2023-11-20,RUSSIAN FEDERATION,1922702.12,3525985.78
2023-11-20,RUSSIAN FEDERATION,593769.0,1650000.0
2023-11-20,RUSSIAN FEDERATION,778036.88,2200206.0
2023-11-11,RUSSIAN FEDERATION,389018.41,1100103.0
2023-10-17,RUSSIAN FEDERATION,1116126.0,2706760.0
2023-10-17,RUSSIAN FEDERATION,3361.29,1600059.75
2023-12-15,RUSSIAN FEDERATION,1074920.0,3850000.0
2023-12-15,RUSSIAN FEDERATION,478224.88,2350930.0
2023-12-15,RUSSIAN FEDERATION,223300.0,2581862.62
2023-12-15,RUSSIAN FEDERATION,451209.0,1650000.0
2023-12-15,RUSSIAN FEDERATION,1577840.0,5500000.0
2023-12-15,RUSSIAN FEDERATION,1530595.0,5500000.0
2023-12-15,RUSSIAN FEDERATION,1488300.0,5500000.0
2023-12-15,RUSSIAN FEDERATION,418500.0,1395000.0
2023-12-23,RUSSIAN FEDERATION,1294429.25,6631071.0
2023-12-23,RUSSIAN FEDERATION,212599.05,2581862.62
2023-12-23,RUSSIAN FEDERATION,441282.81,2581862.62
2023-12-23,RUSSIAN FEDERATION,1163431.5,7165536.0
2023-12-23,RUSSIAN FEDERATION,460135.5,2764157.8
2023-12-23,RUSSIAN FEDERATION,460135.5,2764157.8
2023-12-23,RUSSIAN FEDERATION,2166.26,2764157.8
2023-12-23,RUSSIAN FEDERATION,2166.26,2764157.8
2023-12-23,RUSSIAN FEDERATION,951160.69,3315535.0
2023-12-23,RUSSIAN FEDERATION,876710.5,2950000.0
2023-12-23,RUSSIAN FEDERATION,303923.94,1105178.0
2024-02-02,RUSSIAN FEDERATION,240755.91,77000.0
2024-01-26,RUSSIAN FEDERATION,507160.5,3000000.0
2024-01-26,RUSSIAN FEDERATION,372978.0,2764157.8
2024-02-02,RUSSIAN FEDERATION,1021350.0,3300000.0
2024-01-26,RUSSIAN FEDERATION,725956.0,2200000.0
2024-02-02,RUSSIAN FEDERATION,660000.0,2200000.0
2024-01-26,RUSSIAN FEDERATION,486128.5,1430000.0
2024-02-02,RUSSIAN FEDERATION,1754500.0,5880000.0
2024-02-02,RUSSIAN FEDERATION,120840.0,2581862.62
2024-02-02,RUSSIAN FEDERATION,347413.0,1100000.0
2024-01-26,RUSSIAN FEDERATION,159797.59,1274698.0
2024-01-26,RUSSIAN FEDERATION,269304.0,1183290.13
2024-02-02,RUSSIAN FEDERATION,1031811.0,3300000.0
2024-02-02,RUSSIAN FEDERATION,1031811.0,3300000.0
2024-02-02,RUSSIAN FEDERATION,515905.5,1650000.0
2024-03-01,RUSSIAN FEDERATION,1276832.38,4020000.0
2024-03-01,RUSSIAN FEDERATION,350430.0,1000000.0
2024-03-18,RUSSIAN FEDERATION,392519.03,2182400.0
2024-03-18,RUSSIAN FEDERATION,393246.38,2581862.62
2024-03-01,RUSSIAN FEDERATION,320068.5,925000.0
2024-03-01,RUSSIAN FEDERATION,187115.5,550000.0
2024-03-01,RUSSIAN FEDERATION,683928.62,2079000.0
2024-04-12,RUSSIAN FEDERATION,466026.84,1332800.0
2024-03-01,RUSSIAN FEDERATION,594539.5,1870680.0
2024-04-30,RUSSIAN FEDERATION,228261.12,652800.0
2024-04-28,RUSSIAN FEDERATION,741660.25,2210480.0
2024-04-28,RUSSIAN FEDERATION,1034649.0,5500000.0
2024-04-28,RUSSIAN FEDERATION,689766.0,2581862.62
2024-04-28,RUSSIAN FEDERATION,964128.0,3300000.0
2024-04-28,RUSSIAN FEDERATION,517126.5,1650000.0
2024-04-28,RUSSIAN FEDERATION,1124816.0,3850000.0
2024-04-28,RUSSIAN FEDERATION,149786.34,955250.0
2024-04-28,RUSSIAN FEDERATION,164510.0,1789050.56
2024-04-28,RUSSIAN FEDERATION,1045011.0,3300000.0
2024-04-28,RUSSIAN FEDERATION,157553.38,507500.0
2024-04-28,RUSSIAN FEDERATION,587686.0,2200000.0
2024-04-28,RUSSIAN FEDERATION,738144.0,2200000.0
2024-05-13,MALAYSIA,750266.0,2200000.0
2024-05-13,MALAYSIA,512475.0,1500570.0
2024-05-13,MALAYSIA,194.74,2782829.8
2024-05-13,MALAYSIA,1411272.75,4716190.0
2024-05-16,RUSSIAN FEDERATION,500760.0,1800000.0
2024-06-21,RUSSIAN FEDERATION,1033778.44,3393220.0
2024-06-21,RUSSIAN FEDERATION,576408.62,1854000.0
2024-07-19,RUSSIAN FEDERATION,678909.0,2100000.0
2024-07-15,RUSSIAN FEDERATION,1101408.0,3300000.0
2024-07-15,RUSSIAN FEDERATION,1447600.0,4400000.0
2024-07-19,RUSSIAN FEDERATION,955530.0,3000000.0
2024-07-20,RUSSIAN FEDERATION,646570.0,1900000.0
2024-07-15,RUSSIAN FEDERATION,700172.0,2200000.0
2024-08-12,RUSSIAN FEDERATION,511807.44,1598000.0
2024-07-20,RUSSIAN FEDERATION,913200.0,3000000.0
2024-07-19,RUSSIAN FEDERATION,562935.19,1735740.0
2024-07-19,RUSSIAN FEDERATION,640300.0,2000000.0
2024-07-15,RUSSIAN FEDERATION,546569.12,1653170.0
2024-09-06,RUSSIAN FEDERATION,748000.0,2200000.0
2024-09-06,RUSSIAN FEDERATION,1071200.0,3250000.0
2024-09-06,RUSSIAN FEDERATION,739776.75,2289480.0
2024-09-06,RUSSIAN FEDERATION,725040.0,2250000.0
2024-09-04,RUSSIAN FEDERATION,1353352.0,6485000.0
2024-09-04,RUSSIAN FEDERATION,641304.31,2581862.62
2024-09-29,FINLAND,1537793.0,2764157.8
2024-09-29,FINLAND,32316.56,2764157.8
2024-10-15,RUSSIAN FEDERATION,929070.0,1449536.97
2024-10-15,RUSSIAN FEDERATION,942540.0,3525985.78
2024-10-15,FINLAND,964440.0,3525985.78
2024-10-15,RUSSIAN FEDERATION,939090.0,2581862.62
2024-10-15,RUSSIAN FEDERATION,646880.0,2581862.62
2024-10-15,RUSSIAN FEDERATION,438242.0,2581862.62
2024-10-05,RUSSIAN FEDERATION,1106424.0,2581862.62
2024-10-15,RUSSIAN FEDERATION,956400.0,1789050.56
2024-10-15,RUSSIAN FEDERATION,1093995.0,1789050.56
2024-10-15,RUSSIAN FEDERATION,498525.0,1789050.56
2024-10-15,RUSSIAN FEDERATION,166175.0,1789050.56
2024-10-15,RUSSIAN FEDERATION,359909.0,1789050.56
2024-09-29,RUSSIAN FEDERATION,946328.0,1183290.13
2024-09-29,RUSSIAN FEDERATION,99453.0,449310.16
2024-10-05,RUSSIAN FEDERATION,1714020.0,2764157.8
2024-11-07,RUSSIAN FEDERATION,378400.0,1100000.0
2024-11-07,RUSSIAN FEDERATION,2099500.0,6500000.0
2024-11-07,RUSSIAN FEDERATION,616935.0,1664930.0
2024-11-07,RUSSIAN FEDERATION,6627.42,1600059.75
2024-12-02,TRINIDAD AND TOBAGO,1014525.0,2700000.0
2024-12-02,TRINIDAD AND TOBAGO,1062900.0,3039258.0
2024-12-02,TRINIDAD AND TOBAGO,13909.11,2764157.8
2024-12-02,TRINIDAD AND TOBAGO,780340.0,2228789.0
2024-12-02,TRINIDAD AND TOBAGO,10211.46,2782829.8
2024-12-02,TRINIDAD AND TOBAGO,747708.12,2026172.0
