FECHA,Price,Change %
2025-03-28,24.64,-0.61%
2025-03-27,24.79,-1.78%
2025-03-26,25.24,0.24%
2025-03-25,25.18,0.16%
2025-03-24,25.14,1.66%
2025-03-21,24.73,-0.96%
2025-03-20,24.97,-0.12%
2025-03-19,25.0,2.21%
2025-03-18,24.46,0.78%
2025-03-17,24.27,1.72%
2025-03-14,23.86,3.16%
2025-03-13,23.13,-1.53%
2025-03-12,23.49,1.08%
2025-03-11,23.24,1.57%
2025-03-10,22.88,0.84%
2025-03-07,22.69,1.43%
2025-03-06,22.37,-1.84%
2025-03-05,22.79,-1.17%
2025-03-04,23.06,-0.30%
2025-03-03,23.13,-4.89%
2025-02-28,24.32,0.87%
2025-02-27,24.11,-0.78%
2025-02-26,24.3,-0.25%
2025-02-25,24.36,-2.40%
2025-02-24,24.96,-0.40%
2025-02-21,25.06,-3.36%
2025-02-20,25.93,-0.12%
2025-02-19,25.96,1.64%
2025-02-18,25.54,0.99%
2025-02-14,25.29,0.68%
2025-02-13,25.12,0.64%
2025-02-12,24.96,-2.99%
2025-02-11,25.73,0.43%
2025-02-10,25.62,3.77%
2025-02-07,24.69,-0.32%
2025-02-06,24.77,-2.02%
2025-02-05,25.28,0.16%
2025-02-04,25.24,1.61%
2025-02-03,24.84,-0.12%
2025-01-31,24.87,-2.89%
2025-01-30,25.61,0.04%
2025-01-29,25.6,0.59%
2025-01-28,25.45,0.00%
2025-01-27,25.45,-2.57%
2025-01-24,26.12,-1.32%
2025-01-23,26.47,-0.26%
2025-01-22,26.54,-0.64%
2025-01-21,26.71,-0.93%
2025-01-17,26.96,-0.48%
2025-01-16,27.09,0.44%
2025-01-15,26.97,1.24%
2025-01-14,26.64,0.99%
2025-01-13,26.38,1.62%
2025-01-10,25.96,0.89%
2025-01-08,25.73,0.70%
2025-01-07,25.55,1.31%
2025-01-06,25.22,0.16%
2025-01-03,25.18,0.28%
2025-01-02,25.11,1.95%
2024-12-31,24.63,1.11%
2024-12-30,24.36,2.35%
2024-12-27,23.8,0.38%
2024-12-26,23.71,-0.71%
2024-12-24,23.88,1.62%
2024-12-23,23.5,1.21%
2024-12-20,23.22,1.04%
2024-12-19,22.98,-0.69%
2024-12-18,23.14,-3.14%
2024-12-17,23.89,-0.79%
2024-12-16,24.08,-2.35%
2024-12-13,24.66,-1.24%
2024-12-12,24.97,-0.40%
2024-12-11,25.07,2.16%
2024-12-10,24.54,-0.61%
2024-12-09,24.69,0.65%
2024-12-06,24.53,-2.58%
2024-12-05,25.18,0.04%
2024-12-04,25.17,-2.48%
2024-12-03,25.81,0.66%
2024-12-02,25.64,-1.80%
2024-11-29,26.11,0.69%
2024-11-27,25.93,0.12%
2024-11-26,25.9,-0.58%
2024-11-25,26.05,-1.62%
2024-11-22,26.48,0.57%
2024-11-21,26.33,1.43%
2024-11-20,25.96,1.76%
2024-11-19,25.51,-0.70%
2024-11-18,25.69,2.11%
2024-11-15,25.16,-1.02%
2024-11-14,25.42,0.95%
2024-11-13,25.18,0.32%
2024-11-12,25.1,-1.06%
2024-11-11,25.37,1.56%
2024-11-08,24.98,0.28%
2024-11-07,24.91,-0.60%
2024-11-06,25.06,4.85%
2024-11-05,23.9,0.93%
2024-11-04,23.68,1.98%
2024-11-01,23.22,-1.32%
2024-10-31,23.53,-1.34%
2024-10-30,23.85,1.15%
2024-10-29,23.58,-0.80%
2024-10-28,23.77,-1.70%
2024-10-25,24.18,0.00%
2024-10-24,24.18,1.04%
2024-10-23,23.93,-0.58%
2024-10-22,24.07,-0.04%
2024-10-21,24.08,-0.50%
2024-10-18,24.2,-0.66%
2024-10-17,24.36,0.58%
2024-10-16,24.22,0.75%
2024-10-15,24.04,-3.61%
2024-10-14,24.94,-1.58%
2024-10-11,25.34,0.96%
2024-10-10,25.1,0.88%
2024-10-09,24.88,-0.40%
2024-10-08,24.98,-2.35%
2024-10-07,25.58,0.71%
2024-10-04,25.4,0.83%
2024-10-03,25.19,2.82%
2024-10-02,24.5,1.20%
2024-10-01,24.21,1.94%
2024-09-30,23.75,0.30%
2024-09-27,23.68,2.73%
2024-09-26,23.05,-3.96%
2024-09-25,24.0,-2.44%
2024-09-24,24.6,-0.49%
2024-09-23,24.72,1.23%
2024-09-20,24.42,0.12%
2024-09-19,24.39,1.12%
2024-09-18,24.12,0.08%
2024-09-17,24.1,1.60%
2024-09-16,23.72,1.19%
2024-09-13,23.44,0.86%
2024-09-12,23.24,0.30%
2024-09-11,23.17,0.48%
2024-09-10,23.06,-1.03%
2024-09-09,23.3,-0.72%
2024-09-06,23.47,-1.84%
2024-09-05,23.91,-0.25%
2024-09-04,23.97,-1.80%
2024-09-03,24.41,-3.78%
2024-08-30,25.37,-0.74%
2024-08-29,25.56,1.87%
2024-08-28,25.09,-0.75%
2024-08-27,25.28,-1.17%
2024-08-26,25.58,1.03%
2024-08-23,25.32,1.89%
2024-08-22,24.85,-0.08%
2024-08-21,24.87,-0.16%
2024-08-20,24.91,-2.08%
2024-08-19,25.44,0.87%
2024-08-16,25.22,-0.32%
2024-08-15,25.3,1.81%
2024-08-14,24.85,0.61%
2024-08-13,24.7,-1.28%
2024-08-12,25.02,1.54%
2024-08-09,24.64,0.00%
2024-08-08,24.64,3.10%
2024-08-07,23.9,0.72%
2024-08-06,23.73,0.59%
2024-08-05,23.59,-2.96%
2024-08-02,24.31,-4.89%
2024-08-01,25.56,-2.96%
2024-07-31,26.34,1.50%
2024-07-30,25.95,0.39%
2024-07-29,25.85,-1.03%
2024-07-26,26.12,0.38%
2024-07-25,26.02,0.31%
2024-07-24,25.94,-1.48%
2024-07-23,26.33,-1.64%
2024-07-22,26.77,-0.45%
2024-07-19,26.89,-0.85%
2024-07-18,27.12,-0.26%
2024-07-17,27.19,-0.18%
2024-07-16,27.24,0.00%
2024-07-15,27.24,1.45%
2024-07-12,26.85,0.22%
2024-07-11,26.79,1.71%
2024-07-10,26.34,0.73%
2024-07-09,26.15,-0.57%
2024-07-08,26.3,0.31%
2024-07-05,26.22,-2.20%
2024-07-03,26.81,1.06%
2024-07-02,26.53,0.80%
2024-07-01,26.32,0.15%
2024-06-28,26.28,0.15%
2024-06-27,26.24,-0.83%
2024-06-26,26.46,-1.01%
2024-06-25,26.73,-0.30%
2024-06-24,26.81,3.35%
2024-06-21,25.94,-0.84%
2024-06-20,26.16,0.89%
2024-06-18,25.93,0.54%
2024-06-17,25.79,0.00%
2024-06-14,25.79,-1.79%
2024-06-13,26.26,-1.76%
2024-06-12,26.73,-0.96%
2024-06-11,26.99,-0.11%
2024-06-10,27.02,2.12%
2024-06-07,26.46,-0.38%
2024-06-06,26.56,0.30%
2024-06-05,26.48,0.49%
2024-06-04,26.35,-1.68%
2024-06-03,26.8,-3.00%
2024-05-31,27.63,1.84%
2024-05-30,27.13,0.44%
2024-05-29,27.01,-1.32%
2024-05-28,27.37,1.90%
2024-05-24,26.86,0.56%
2024-05-23,26.71,-1.15%
2024-05-22,27.02,-1.82%
2024-05-21,27.52,-0.76%
2024-05-20,27.73,0.91%
2024-05-17,27.48,1.03%
2024-05-16,27.2,-0.84%
2024-05-15,27.43,0.18%
2024-05-14,27.38,0.85%
2024-05-13,27.15,-0.04%
2024-05-10,27.16,-1.56%
2024-05-09,27.59,0.69%
2024-05-08,27.4,-0.54%
2024-05-07,27.55,0.33%
2024-05-06,27.46,1.63%
2024-05-03,27.02,0.93%
2024-05-02,26.77,0.71%
2024-05-01,26.58,-2.06%
2024-04-30,27.14,-3.69%
2024-04-29,28.18,0.39%
2024-04-26,28.07,0.29%
2024-04-25,27.99,0.68%
2024-04-24,27.8,0.76%
2024-04-23,27.59,0.40%
2024-04-22,27.48,0.73%
2024-04-19,27.28,1.11%
2024-04-18,26.98,-0.26%
2024-04-17,27.05,-0.73%
2024-04-16,27.25,-0.80%
2024-04-15,27.47,-1.40%
2024-04-12,27.86,-1.17%
2024-04-11,28.19,-0.53%
2024-04-10,28.34,0.39%
2024-04-09,28.23,0.36%
2024-04-08,28.13,-0.25%
2024-04-05,28.2,0.79%
2024-04-04,27.98,-0.21%
2024-04-03,28.04,1.05%
2024-04-02,27.75,0.54%
2024-04-01,27.6,0.58%
2024-03-28,27.44,1.44%
2024-03-27,27.05,1.62%
2024-03-26,26.62,-0.89%
2024-03-25,26.86,1.24%
2024-03-22,26.53,-0.75%
2024-03-21,26.73,0.30%
2024-03-20,26.65,0.53%
2024-03-19,26.51,1.42%
2024-03-18,26.14,0.23%
2024-03-15,26.08,0.15%
2024-03-14,26.04,0.27%
2024-03-13,25.97,1.41%
2024-03-12,25.61,-0.04%
2024-03-11,25.62,0.63%
2024-03-08,25.46,0.24%
2024-03-07,25.4,0.16%
2024-03-06,25.36,0.28%
2024-03-05,25.29,0.56%
2024-03-04,25.15,-0.83%
2024-03-01,25.36,1.36%
2024-02-29,25.02,0.77%
2024-02-28,24.83,0.08%
2024-02-27,24.81,0.65%
2024-02-26,24.65,0.24%
2024-02-23,24.59,-1.01%
2024-02-22,24.84,0.44%
2024-02-21,24.73,3.21%
2024-02-20,23.96,-0.87%
2024-02-16,24.17,0.58%
2024-02-15,24.03,4.12%
2024-02-14,23.08,0.13%
2024-02-13,23.05,-1.75%
2024-02-12,23.46,2.27%
2024-02-09,22.94,-1.12%
2024-02-08,23.2,1.18%
2024-02-07,22.93,0.31%
2024-02-06,22.86,1.06%
2024-02-05,22.62,-1.14%
2024-02-02,22.88,-1.17%
2024-02-01,23.15,-0.81%
2024-01-31,23.34,-2.67%
2024-01-30,23.98,1.44%
2024-01-29,23.64,-0.08%
2024-01-26,23.66,0.25%
2024-01-25,23.6,1.64%
2024-01-24,23.22,1.26%
2024-01-23,22.93,0.17%
2024-01-22,22.89,0.57%
2024-01-19,22.76,-0.04%
2024-01-18,22.77,-0.13%
2024-01-17,22.8,-1.08%
2024-01-16,23.05,-3.07%
2024-01-12,23.78,1.41%
2024-01-11,23.45,-0.21%
2024-01-10,23.5,-1.01%
2024-01-09,23.74,-1.25%
2024-01-08,24.04,-0.91%
2024-01-05,24.26,0.66%
2024-01-04,24.1,-2.27%
2024-01-03,24.66,0.98%
2024-01-02,24.42,0.54%
2023-12-29,24.29,-0.78%
2023-12-28,24.48,-1.45%
2023-12-27,24.84,-0.44%
2023-12-26,24.95,1.63%
2023-12-22,24.55,-0.53%
2023-12-21,24.68,1.52%
2023-12-20,24.31,-1.50%
2023-12-19,24.68,0.90%
2023-12-18,24.46,1.07%
2023-12-15,24.2,-0.49%
2023-12-14,24.32,3.05%
2023-12-13,23.6,2.48%
2023-12-12,23.03,-2.17%
2023-12-11,23.54,-0.42%
2023-12-08,23.64,1.20%
2023-12-07,23.36,-0.09%
2023-12-06,23.38,-2.79%
2023-12-05,24.05,-2.12%
2023-12-04,24.57,-1.29%
2023-12-01,24.89,0.48%
2023-11-30,24.77,0.49%
2023-11-29,24.65,-0.28%
2023-11-28,24.72,-0.16%
2023-11-27,24.76,-1.00%
2023-11-24,25.01,0.56%
2023-11-22,24.87,-0.16%
2023-11-21,24.91,-0.52%
2023-11-20,25.04,-0.04%
2023-11-17,25.05,2.24%
2023-11-16,24.5,-2.58%
2023-11-15,25.15,0.12%
2023-11-14,25.12,1.54%
2023-11-13,24.74,0.53%
2023-11-10,24.61,0.86%
2023-11-09,24.4,-0.53%
2023-11-08,24.53,-2.04%
2023-11-07,25.04,-3.10%
2023-11-06,25.84,-2.93%
2023-11-03,26.62,-0.49%
2023-11-02,26.75,3.08%
2023-11-01,25.95,-0.08%
2023-10-31,25.97,1.05%
2023-10-30,25.7,-0.81%
2023-10-27,25.91,-1.07%
2023-10-26,26.19,-0.53%
2023-10-25,26.33,0.08%
2023-10-24,26.31,-0.49%
2023-10-23,26.44,-1.53%
2023-10-20,26.85,-1.65%
2023-10-19,27.3,0.04%
2023-10-18,27.29,0.44%
2023-10-17,27.17,1.04%
2023-10-16,26.89,0.60%
2023-10-13,26.73,2.45%
2023-10-12,26.09,0.31%
2023-10-11,26.01,0.04%
2023-10-10,26.0,0.04%
2023-10-09,25.99,4.55%
2023-10-06,24.86,2.47%
2023-10-05,24.26,0.50%
2023-10-04,24.14,-3.52%
2023-10-03,25.02,0.08%
2023-10-02,25.0,-3.81%
2023-09-29,25.99,-1.29%
2023-09-28,26.33,0.42%
2023-09-27,26.22,2.99%
2023-09-26,25.46,-0.27%
2023-09-25,25.53,2.08%
2023-09-22,25.01,-0.64%
2023-09-21,25.17,-1.87%
2023-09-20,25.65,-1.69%
2023-09-19,26.09,-1.02%
2023-09-18,26.36,-0.15%
2023-09-15,26.4,-1.71%
2023-09-14,26.86,0.79%
2023-09-13,26.65,-0.97%
2023-09-12,26.91,2.51%
2023-09-11,26.25,-2.09%
2023-09-08,26.81,0.75%
2023-09-07,26.61,-0.93%
2023-09-06,26.86,-0.26%
2023-09-05,26.93,-0.63%
2023-09-01,27.1,2.19%
2023-08-31,26.52,0.45%
2023-08-30,26.4,0.72%
2023-08-29,26.21,0.69%
2023-08-28,26.03,0.89%
2023-08-25,25.8,0.86%
2023-08-24,25.58,-0.93%
2023-08-23,25.82,-0.88%
2023-08-22,26.05,-1.14%
2023-08-21,26.35,0.61%
2023-08-18,26.19,0.85%
2023-08-17,25.97,1.25%
2023-08-16,25.65,-0.58%
2023-08-15,25.8,-1.60%
2023-08-14,26.22,-0.53%
2023-08-11,26.36,0.73%
2023-08-10,26.17,-1.17%
2023-08-09,26.48,1.34%
2023-08-08,26.13,0.46%
2023-08-07,26.01,0.42%
2023-08-04,25.9,0.58%
2023-08-03,25.75,2.18%
2023-08-02,25.2,-1.79%
2023-08-01,25.66,-0.31%
2023-07-31,25.74,1.26%
2023-07-28,25.42,2.25%
2023-07-27,24.86,-0.92%
2023-07-26,25.09,-0.04%
2023-07-25,25.1,0.80%
2023-07-24,24.9,1.30%
2023-07-21,24.58,0.33%
2023-07-20,24.5,0.95%
2023-07-19,24.27,0.25%
2023-07-18,24.21,3.02%
2023-07-17,23.5,0.17%
2023-07-14,23.46,-3.54%
2023-07-13,24.32,0.58%
2023-07-12,24.18,0.58%
2023-07-11,24.04,2.52%
2023-07-10,23.45,0.82%
2023-07-07,23.26,2.78%
2023-07-06,22.63,-2.67%
2023-07-05,23.25,-0.34%
2023-07-03,23.33,0.21%
2023-06-30,23.28,0.69%
2023-06-29,23.12,1.99%
2023-06-28,22.67,1.02%
2023-06-27,22.44,-0.88%
2023-06-26,22.64,1.75%
2023-06-23,22.25,-1.16%
2023-06-22,22.51,-1.92%
2023-06-21,22.95,0.92%
2023-06-20,22.74,-2.24%
2023-06-16,23.26,0.74%
2023-06-15,23.09,2.26%
2023-06-14,22.58,-1.35%
2023-06-13,22.89,1.10%
2023-06-12,22.64,-1.61%
2023-06-09,23.01,-0.95%
2023-06-08,23.23,-0.34%
2023-06-07,23.31,3.19%
2023-06-06,22.59,1.35%
2023-06-05,22.29,-1.24%
2023-06-02,22.57,4.01%
2023-06-01,21.7,0.93%
2023-05-31,21.5,-1.38%
2023-05-30,21.8,-1.89%
2023-05-26,22.22,-0.40%
2023-05-25,22.31,-2.66%
2023-05-24,22.92,0.35%
2023-05-23,22.84,0.13%
2023-05-22,22.81,1.15%
2023-05-19,22.55,0.67%
2023-05-18,22.4,2.14%
2023-05-17,21.93,1.43%
2023-05-16,21.62,-2.52%
2023-05-15,22.18,1.98%
2023-05-12,21.75,0.88%
2023-05-11,21.56,-0.96%
2023-05-10,21.77,-1.05%
2023-05-09,22.0,-0.54%
2023-05-08,22.12,-0.09%
2023-05-05,22.14,3.80%
2023-05-04,21.33,-0.84%
2023-05-03,21.51,-1.83%
2023-05-02,21.91,-4.49%
2023-05-01,22.94,-0.74%
2023-04-28,23.11,2.71%
2023-04-27,22.5,1.17%
2023-04-26,22.24,-1.72%
2023-04-25,22.63,-3.13%
2023-04-24,23.36,1.61%
2023-04-21,22.99,-0.48%
2023-04-20,23.1,-1.37%
2023-04-19,23.42,-0.93%
2023-04-18,23.64,-0.30%
2023-04-17,23.71,-1.54%
2023-04-14,24.08,0.08%
2023-04-13,24.06,0.88%
2023-04-12,23.85,-0.46%
2023-04-11,23.96,1.27%
2023-04-10,23.66,1.89%
2023-04-06,23.22,-1.32%
2023-04-05,23.53,0.30%
2023-04-04,23.46,-1.30%
2023-04-03,23.77,5.55%
2023-03-31,22.52,1.26%
2023-03-30,22.24,-0.09%
2023-03-29,22.26,1.46%
2023-03-28,21.94,1.25%
2023-03-27,21.67,2.41%
2023-03-24,21.16,0.09%
2023-03-23,21.14,-1.49%
2023-03-22,21.46,-2.59%
2023-03-21,22.03,3.82%
2023-03-20,21.22,2.36%
2023-03-17,20.73,-2.36%
2023-03-16,21.23,2.36%
2023-03-15,20.74,-6.03%
2023-03-14,22.07,0.32%
2023-03-13,22.0,-2.31%
2023-03-10,22.52,-2.21%
2023-03-09,23.03,-2.17%
2023-03-08,23.54,-1.05%
2023-03-07,23.79,-1.53%
2023-03-06,24.16,-1.59%
2023-03-03,24.55,2.21%
2023-03-02,24.02,1.78%
2023-03-01,23.6,1.77%
2023-02-28,23.19,-1.65%
2023-02-27,23.58,-0.04%
2023-02-24,23.59,1.51%
2023-02-23,23.24,2.47%
2023-02-22,22.68,0.18%
2023-02-21,22.64,-1.74%
2023-02-17,23.04,-4.04%
2023-02-16,24.01,-1.36%
2023-02-15,24.34,-2.13%
2023-02-14,24.87,0.53%
2023-02-13,24.74,-0.52%
2023-02-10,24.87,4.28%
2023-02-09,23.85,-1.28%
2023-02-08,24.16,-0.90%
2023-02-07,24.38,3.48%
2023-02-06,23.56,-1.63%
2023-02-03,23.95,-0.50%
2023-02-02,24.07,-1.59%
2023-02-01,24.46,-2.32%
2023-01-31,25.04,1.38%
2023-01-30,24.7,-3.06%
2023-01-27,25.48,-0.62%
2023-01-26,25.64,1.75%
2023-01-25,25.2,-0.32%
2023-01-24,25.28,-1.44%
2023-01-23,25.65,1.34%
2023-01-20,25.31,0.80%
2023-01-19,25.11,1.70%
2023-01-18,24.69,-1.83%
2023-01-17,25.15,0.08%
2023-01-13,25.13,0.12%
2023-01-12,25.1,2.78%
2023-01-11,24.42,0.74%
2023-01-10,24.24,-0.08%
2023-01-09,24.26,1.51%
2023-01-06,23.9,2.62%
2023-01-05,23.29,-0.13%
2023-01-04,23.32,0.65%
2023-01-03,23.17,-5.47%
2022-12-30,24.51,0.66%
2022-12-29,24.35,1.63%
2022-12-28,23.96,-4.20%
2022-12-27,25.01,0.77%
2022-12-23,24.82,2.60%
2022-12-22,24.19,-3.01%
2022-12-21,24.94,2.68%
2022-12-20,24.29,0.87%
2022-12-19,24.08,-1.55%
2022-12-16,24.46,-1.69%
2022-12-15,24.88,-0.08%
2022-12-14,24.9,-0.32%
2022-12-13,24.98,1.83%
2022-12-12,24.53,2.94%
2022-12-09,23.83,-1.45%
2022-12-08,24.18,-1.91%
2022-12-07,24.65,-0.84%
2022-12-06,24.86,-2.93%
2022-12-05,25.61,-3.97%
2022-12-02,26.67,-0.37%
2022-12-01,26.77,-1.73%
2022-11-30,27.24,1.11%
2022-11-29,26.94,1.78%
2022-11-28,26.47,-2.97%
2022-11-25,27.28,-0.18%
2022-11-23,27.33,-1.19%
2022-11-22,27.66,3.67%
2022-11-21,26.68,-1.59%
2022-11-18,27.11,-1.17%
2022-11-17,27.43,-0.29%
2022-11-16,27.51,-2.93%
2022-11-15,28.34,2.24%
2022-11-14,27.72,-1.56%
2022-11-11,28.16,2.81%
2022-11-10,27.39,3.51%
2022-11-09,26.46,-6.70%
2022-11-08,28.36,-0.60%
2022-11-07,28.53,2.74%
2022-11-04,27.77,2.06%
2022-11-03,27.21,1.57%
2022-11-02,26.79,-2.40%
2022-11-01,27.45,0.55%
2022-10-31,27.3,1.87%
2022-10-28,26.8,-0.52%
2022-10-27,26.94,-0.77%
2022-10-26,27.15,1.42%
2022-10-25,26.77,1.21%
2022-10-24,26.45,0.04%
2022-10-21,26.44,1.85%
2022-10-20,25.96,-0.84%
2022-10-19,26.18,2.31%
2022-10-18,25.59,0.95%
2022-10-17,25.35,1.48%
2022-10-14,24.98,-4.66%
2022-10-13,26.2,3.35%
2022-10-12,25.35,0.92%
2022-10-11,25.12,-0.79%
2022-10-10,25.32,-2.43%
2022-10-07,25.95,-0.73%
2022-10-06,26.14,1.00%
2022-10-05,25.88,1.69%
2022-10-04,25.45,5.04%
2022-10-03,24.23,6.09%
2022-09-30,22.84,-0.04%
2022-09-29,22.85,-0.13%
2022-09-28,22.88,5.93%
2022-09-27,21.6,1.65%
2022-09-26,21.25,-3.50%
2022-09-23,22.02,-8.74%
2022-09-22,24.13,-2.54%
2022-09-21,24.76,-1.82%
2022-09-20,25.22,-1.52%
2022-09-19,25.61,0.08%
2022-09-16,25.59,-2.99%
2022-09-15,26.38,-3.19%
2022-09-14,27.25,4.37%
2022-09-13,26.11,-2.54%
2022-09-12,26.79,2.02%
2022-09-09,26.26,2.86%
2022-09-08,25.53,0.91%
2022-09-07,25.3,-1.79%
2022-09-06,25.76,-1.75%
2022-09-02,26.22,2.18%
2022-09-01,25.66,-2.99%
2022-08-31,26.45,0.57%
2022-08-30,26.3,-4.64%
2022-08-29,27.58,1.47%
2022-08-26,27.18,-0.77%
2022-08-25,27.39,0.15%
2022-08-24,27.35,1.82%
2022-08-23,26.86,2.36%
2022-08-22,26.24,0.92%
2022-08-19,26.0,-0.88%
2022-08-18,26.23,4.71%
2022-08-17,25.05,0.64%
2022-08-16,24.89,0.28%
2022-08-15,24.82,-2.28%
2022-08-12,25.4,0.71%
2022-08-11,25.22,4.82%
2022-08-10,24.06,1.86%
2022-08-09,23.62,1.77%
2022-08-08,23.21,0.04%
2022-08-05,23.2,3.02%
2022-08-04,22.52,-4.94%
2022-08-03,23.69,-2.67%
2022-08-02,24.34,-0.33%
2022-08-01,24.42,-2.40%
2022-07-29,25.02,2.67%
2022-07-28,24.37,0.04%
2022-07-27,24.36,3.00%
2022-07-26,23.65,-0.34%
2022-07-25,23.73,5.61%
2022-07-22,22.47,-2.01%
2022-07-21,22.93,-2.05%
2022-07-20,23.41,2.41%
2022-07-19,22.86,4.19%
2022-07-18,21.94,3.49%
2022-07-15,21.2,2.37%
2022-07-14,20.71,-2.03%
2022-07-13,21.14,1.39%
2022-07-12,20.85,-2.71%
2022-07-11,21.43,-0.74%
2022-07-08,21.59,-0.51%
2022-07-07,21.7,6.32%
2022-07-06,20.41,-1.83%
2022-07-05,20.79,-5.80%
2022-07-01,22.07,0.73%
2022-06-30,21.91,-3.27%
2022-06-29,22.65,-4.91%
2022-06-28,23.82,3.61%
2022-06-27,22.99,4.17%
2022-06-24,22.07,1.47%
2022-06-23,21.75,-4.44%
2022-06-22,22.76,-6.18%
2022-06-21,24.26,4.08%
2022-06-17,23.31,-7.09%
2022-06-16,25.09,-6.24%
2022-06-15,26.76,-0.93%
2022-06-14,27.01,-2.28%
2022-06-13,27.64,-5.95%
2022-06-10,29.39,-1.74%
2022-06-09,29.91,-1.77%
2022-06-08,30.45,-1.20%
2022-06-07,30.82,3.25%
2022-06-06,29.85,0.98%
2022-06-03,29.56,1.03%
2022-06-02,29.26,-0.75%
2022-06-01,29.48,3.33%
2022-05-31,28.53,-1.62%
2022-05-27,29.0,3.57%
2022-05-26,28.0,2.45%
2022-05-25,27.33,4.19%
2022-05-24,26.23,-0.08%
2022-05-23,26.25,4.83%
2022-05-20,25.04,0.85%
2022-05-19,24.83,0.04%
2022-05-18,24.82,-3.76%
2022-05-17,25.79,2.91%
2022-05-16,25.06,2.62%
2022-05-13,24.42,4.14%
2022-05-12,23.45,-0.59%
2022-05-11,23.59,0.86%
2022-05-10,23.39,0.13%
2022-05-09,23.36,-10.53%
2022-05-06,26.11,1.60%
2022-05-05,25.7,-2.65%
2022-05-04,26.4,3.90%
2022-05-03,25.41,5.35%
2022-05-02,24.12,-0.25%
2022-04-29,24.18,-2.38%
2022-04-28,24.77,2.95%
2022-04-27,24.06,1.26%
2022-04-26,23.76,-1.16%
2022-04-25,24.04,-1.92%
2022-04-22,24.51,-4.52%
2022-04-21,25.67,-4.36%
2022-04-20,26.84,1.94%
2022-04-19,26.33,-1.64%
2022-04-18,26.77,1.90%
2022-04-14,26.27,0.31%
2022-04-13,26.19,2.34%
2022-04-12,25.59,2.07%
2022-04-11,25.07,-2.34%
2022-04-08,25.67,3.38%
2022-04-07,24.83,1.26%
2022-04-06,24.52,0.00%
2022-04-05,24.52,-2.19%
2022-04-04,25.07,0.12%
2022-04-01,25.04,2.67%
2022-03-31,24.39,-1.49%
2022-03-30,24.76,0.49%
2022-03-29,24.64,-0.48%
2022-03-28,24.76,-2.44%
2022-03-25,25.38,4.27%
2022-03-24,24.34,1.16%
2022-03-23,24.06,2.38%
2022-03-22,23.5,-0.72%
2022-03-21,23.67,3.95%
2022-03-18,22.77,-0.44%
2022-03-17,22.87,5.00%
2022-03-16,21.78,0.28%
2022-03-15,21.72,-0.82%
2022-03-14,21.9,-4.37%
2022-03-11,22.9,-2.55%
2022-03-10,23.5,2.17%
2022-03-09,23.0,-1.46%
2022-03-08,23.34,-1.06%
2022-03-07,23.59,1.03%
2022-03-04,23.35,4.43%
2022-03-03,22.36,-1.02%
2022-03-02,22.59,1.48%
2022-03-01,22.26,2.34%
2022-02-28,21.75,5.33%
2022-02-25,20.65,1.47%
2022-02-24,20.35,1.40%
2022-02-23,20.07,2.35%
2022-02-22,19.61,-2.15%
2022-02-18,20.04,-1.09%
2022-02-17,20.26,0.65%
2022-02-16,20.13,0.20%
2022-02-15,20.09,-1.23%
2022-02-14,20.34,-2.40%
2022-02-11,20.84,4.10%
2022-02-10,20.02,0.25%
2022-02-09,19.97,2.04%
2022-02-08,19.57,-3.31%
2022-02-07,20.24,-1.03%
2022-02-04,20.45,1.54%
2022-02-03,20.14,-1.23%
2022-02-02,20.39,1.19%
2022-02-01,20.15,3.65%
2022-01-31,19.44,0.15%
2022-01-28,19.41,1.30%
2022-01-27,19.16,0.47%
2022-01-26,19.07,-0.73%
2022-01-25,19.21,4.23%
2022-01-24,18.43,1.54%
2022-01-21,18.15,-3.56%
2022-01-20,18.82,-2.74%
2022-01-19,19.35,-1.17%
2022-01-18,19.58,-1.85%
2022-01-14,19.95,3.10%
2022-01-13,19.35,-1.88%
2022-01-12,19.72,1.81%
2022-01-11,19.37,4.03%
2022-01-10,18.62,-0.37%
2022-01-07,18.69,0.32%
2022-01-06,18.63,2.81%
2022-01-05,18.12,-2.74%
2022-01-04,18.63,4.37%
2022-01-03,17.85,3.90%
2021-12-31,17.18,-0.06%
2021-12-30,17.19,-1.94%
2021-12-29,17.53,-0.45%
2021-12-28,17.61,-0.90%
2021-12-27,17.77,4.84%
2021-12-23,16.95,-0.88%
2021-12-22,17.1,0.94%
2021-12-21,16.94,4.44%
2021-12-20,16.22,-1.99%
2021-12-17,16.55,-1.84%
2021-12-16,16.86,-0.24%
2021-12-15,16.9,0.48%
2021-12-14,16.82,-1.52%
2021-12-13,17.08,-4.47%
2021-12-10,17.88,1.02%
2021-12-09,17.7,-1.72%
2021-12-08,18.01,0.50%
2021-12-07,17.92,4.55%
2021-12-06,17.14,2.15%
2021-12-03,16.78,-0.59%
2021-12-02,16.88,2.99%
2021-12-01,16.39,-3.98%
2021-11-30,17.07,-3.23%
2021-11-29,17.64,0.92%
2021-11-26,17.48,-6.07%
2021-11-24,18.61,1.42%
2021-11-23,18.35,4.44%
2021-11-22,17.57,1.44%
2021-11-19,17.32,-4.73%
2021-11-18,18.18,0.28%
2021-11-17,18.13,-3.00%
2021-11-16,18.69,-0.48%
2021-11-15,18.78,0.81%
2021-11-12,18.63,-0.27%
2021-11-11,18.68,1.85%
2021-11-10,18.34,-4.78%
2021-11-09,19.26,-0.36%
2021-11-08,19.33,1.68%
2021-11-05,19.01,2.54%
2021-11-04,18.54,-0.27%
2021-11-03,18.59,-0.85%
2021-11-02,18.75,-0.53%
2021-11-01,18.85,2.72%
2021-10-29,18.35,-1.56%
2021-10-28,18.64,0.59%
2021-10-27,18.53,-3.69%
2021-10-26,19.24,0.16%
2021-10-25,19.21,3.00%
2021-10-22,18.65,1.75%
2021-10-21,18.33,-2.45%
2021-10-20,18.79,1.79%
2021-10-19,18.46,0.38%
2021-10-18,18.39,0.49%
2021-10-15,18.3,-0.33%
2021-10-14,18.36,1.38%
2021-10-13,18.11,-0.49%
2021-10-12,18.2,-0.49%
2021-10-11,18.29,-0.76%
2021-10-08,18.43,2.67%
2021-10-07,17.95,2.10%
2021-10-06,17.58,-2.98%
2021-10-05,18.12,1.29%
2021-10-04,17.89,3.41%
2021-10-01,17.3,2.73%
2021-09-30,16.84,-0.65%
2021-09-29,16.95,0.30%
2021-09-28,16.9,-1.00%
2021-09-27,17.07,7.49%
2021-09-24,15.88,0.70%
2021-09-23,15.77,4.16%
2021-09-22,15.14,3.77%
2021-09-21,14.59,-0.07%
2021-09-20,14.6,-3.76%
2021-09-17,15.17,-1.30%
2021-09-16,15.37,-1.16%
2021-09-15,15.55,6.22%
2021-09-14,14.64,-2.20%
2021-09-13,14.97,4.47%
2021-09-10,14.33,-0.76%
2021-09-09,14.44,0.70%
2021-09-08,14.34,-0.69%
2021-09-07,14.44,-0.62%
2021-09-03,14.53,0.07%
2021-09-02,14.52,4.24%
2021-09-01,13.93,-0.21%
2021-08-31,13.96,0.72%
2021-08-30,13.86,-1.35%
2021-08-27,14.05,5.16%
2021-08-26,13.36,-1.76%
2021-08-25,13.6,2.10%
2021-08-24,13.32,2.46%
2021-08-23,13.0,4.67%
2021-08-20,12.42,0.65%
2021-08-19,12.34,-2.99%
2021-08-18,12.72,-2.75%
2021-08-17,13.08,-0.76%
2021-08-16,13.18,-2.87%
2021-08-13,13.57,-3.42%
2021-08-12,14.05,-0.35%
2021-08-11,14.1,0.64%
2021-08-10,14.01,3.01%
2021-08-09,13.6,-2.09%
2021-08-08,13.89,0.00%
2021-08-07,13.89,0.00%
2021-08-06,13.89,0.94%
2021-08-05,13.76,1.85%
2021-08-04,13.51,-4.12%
2021-08-03,14.09,2.03%
2021-08-02,13.81,-2.26%
2021-07-30,14.13,-1.67%
2021-07-29,14.37,-0.14%
2021-07-28,14.39,2.13%
2021-07-27,14.09,-3.43%
2021-07-26,14.59,3.55%
2021-07-23,14.09,-1.05%
2021-07-22,14.24,-1.04%
2021-07-21,14.39,4.20%
2021-07-20,13.81,3.06%
2021-07-19,13.4,-4.63%
2021-07-16,14.05,-4.03%
2021-07-15,14.64,-2.53%
2021-07-14,15.02,-4.70%
2021-07-13,15.76,-0.88%
2021-07-12,15.9,-0.75%
2021-07-09,16.02,2.36%
2021-07-08,15.65,0.84%
2021-07-07,15.52,-2.39%
2021-07-06,15.9,-3.93%
2021-07-05,16.55,0.00%
2021-07-04,16.55,0.00%
2021-07-03,16.55,0.00%
2021-07-02,16.55,-1.72%
2021-07-01,16.84,2.68%
2021-06-30,16.4,2.56%
2021-06-29,15.99,0.13%
2021-06-28,15.97,-4.37%
2021-06-25,16.7,1.21%
2021-06-24,16.5,1.73%
2021-06-23,16.22,1.37%
2021-06-22,16.0,0.06%
2021-06-21,15.99,5.75%
2021-06-18,15.12,-1.82%
2021-06-17,15.4,-5.11%
2021-06-16,16.23,-0.43%
2021-06-15,16.3,2.00%
2021-06-14,15.98,-1.11%
2021-06-11,16.16,1.06%
2021-06-10,15.99,-0.25%
2021-06-09,16.03,-0.99%
2021-06-08,16.19,0.81%
2021-06-07,16.06,0.69%
2021-06-04,15.95,0.25%
2021-06-03,15.91,0.32%
2021-06-02,15.86,1.54%
2021-06-01,15.62,7.28%
2021-05-28,14.56,0.14%
2021-05-27,14.54,1.18%
2021-05-26,14.37,2.94%
2021-05-25,13.96,-2.65%
2021-05-24,14.34,0.70%
2021-05-21,14.24,0.21%
2021-05-20,14.21,0.00%
2021-05-19,14.21,-2.13%
2021-05-18,14.52,-2.09%
2021-05-17,14.83,4.07%
2021-05-14,14.25,5.32%
2021-05-13,13.53,-2.87%
2021-05-12,13.93,-0.21%
2021-05-11,13.96,-1.48%
2021-05-10,14.17,-0.35%
2021-05-07,14.22,3.27%
2021-05-06,13.77,-0.51%
2021-05-05,13.84,3.44%
2021-05-04,13.38,-0.07%
2021-05-03,13.39,2.92%
2021-04-30,13.01,-3.13%
2021-04-29,13.43,0.00%
2021-04-28,13.43,4.68%
2021-04-27,12.83,2.15%
2021-04-26,12.56,2.28%
2021-04-23,12.28,1.24%
2021-04-22,12.13,-0.49%
2021-04-21,12.19,1.41%
2021-04-20,12.02,-4.07%
2021-04-19,12.53,0.56%
2021-04-16,12.46,-2.50%
2021-04-15,12.78,-0.85%
2021-04-14,12.89,4.88%
2021-04-13,12.29,0.08%
2021-04-12,12.28,-1.68%
2021-04-09,12.49,-1.81%
2021-04-08,12.72,-1.93%
2021-04-07,12.97,0.31%
2021-04-06,12.93,1.02%
2021-04-05,12.8,-5.04%
2021-04-01,13.48,5.23%
2021-03-31,12.81,0.23%
2021-03-30,12.78,-0.78%
2021-03-29,12.88,-2.50%
2021-03-26,13.21,3.77%
2021-03-25,12.73,0.87%
2021-03-24,12.62,2.35%
2021-03-23,12.33,-4.27%
2021-03-22,12.88,-2.20%
2021-03-19,13.17,3.78%
2021-03-18,12.69,-7.17%
2021-03-17,13.67,1.11%
2021-03-16,13.52,-3.08%
2021-03-15,13.95,-0.78%
2021-03-12,14.06,-1.06%
2021-03-11,14.21,2.45%
2021-03-10,13.87,3.82%
2021-03-09,13.36,-2.48%
2021-03-08,13.7,-2.21%
2021-03-05,14.01,3.78%
2021-03-04,13.5,4.01%
2021-03-03,12.98,2.37%
2021-03-02,12.68,-0.47%
2021-03-01,12.74,3.24%
2021-02-26,12.34,-1.67%
2021-02-25,12.55,-3.46%
2021-02-24,13.0,4.75%
2021-02-23,12.41,2.73%
2021-02-22,12.08,2.90%
2021-02-19,11.74,1.47%
2021-02-18,11.57,-5.01%
2021-02-17,12.18,1.33%
2021-02-16,12.02,3.35%
2021-02-12,11.63,3.19%
2021-02-11,11.27,-1.74%
2021-02-10,11.47,2.69%
2021-02-09,11.17,-1.50%
2021-02-08,11.34,5.69%
2021-02-05,10.73,-0.09%
2021-02-04,10.74,0.37%
2021-02-03,10.7,5.42%
2021-02-02,10.15,0.79%
2021-02-01,10.07,2.44%
2021-01-29,9.83,-3.06%
2021-01-28,10.14,0.80%
2021-01-27,10.06,0.00%
2021-01-26,10.06,-3.08%
2021-01-25,10.38,0.10%
2021-01-22,10.37,0.19%
2021-01-21,10.35,-4.17%
2021-01-20,10.8,-1.28%
2021-01-19,10.94,0.64%
2021-01-15,10.87,-2.60%
2021-01-14,11.16,3.43%
2021-01-13,10.79,-1.28%
2021-01-12,10.93,6.84%
2021-01-11,10.23,1.99%
2021-01-08,10.03,-1.47%
2021-01-07,10.18,1.50%
2021-01-06,10.03,4.37%
2021-01-05,9.61,7.25%
2021-01-04,8.96,1.59%
2020-12-31,8.82,-1.12%
2020-12-30,8.92,3.24%
2020-12-29,8.64,-0.80%
2020-12-28,8.71,-2.79%
2020-12-24,8.96,-3.03%
2020-12-23,9.24,4.88%
2020-12-22,8.81,-2.22%
2020-12-21,9.01,-2.28%
2020-12-18,9.22,-1.28%
2020-12-17,9.34,-0.21%
2020-12-16,9.36,-1.16%
2020-12-15,9.47,2.27%
2020-12-14,9.26,-3.84%
2020-12-11,9.63,-2.13%
2020-12-10,9.84,6.26%
2020-12-09,9.26,0.54%
2020-12-08,9.21,1.77%
2020-12-07,9.05,-2.90%
2020-12-04,9.32,8.00%
2020-12-03,8.63,2.49%
2020-12-02,8.42,3.31%
2020-12-01,8.15,-0.37%
2020-11-30,8.18,-6.30%
2020-11-27,8.73,-1.47%
2020-11-25,8.86,-1.23%
2020-11-24,8.97,5.53%
2020-11-23,8.5,8.28%
2020-11-20,7.85,-0.76%
2020-11-19,7.91,2.86%
2020-11-18,7.69,-0.90%
2020-11-17,7.76,2.24%
2020-11-16,7.59,5.27%
2020-11-13,7.21,5.26%
2020-11-12,6.85,-4.06%
2020-11-11,7.14,-0.56%
2020-11-10,7.18,4.66%
2020-11-09,6.86,14.33%
2020-11-06,6.0,-3.38%
2020-11-05,6.21,0.81%
2020-11-04,6.16,0.00%
2020-11-03,6.16,-1.28%
2020-11-02,6.24,2.63%
2020-10-30,6.08,-0.49%
2020-10-29,6.11,2.00%
2020-10-28,5.99,-5.37%
2020-10-27,6.33,-1.09%
2020-10-26,6.4,-5.19%
2020-10-23,6.75,0.15%
2020-10-22,6.74,6.14%
2020-10-21,6.35,-2.46%
2020-10-20,6.51,2.20%
2020-10-19,6.37,-1.70%
2020-10-16,6.48,-2.99%
2020-10-15,6.68,1.98%
2020-10-14,6.55,0.77%
2020-10-13,6.5,-1.96%
2020-10-12,6.63,0.45%
2020-10-09,6.6,-1.35%
2020-10-08,6.69,4.69%
2020-10-07,6.39,3.06%
2020-10-06,6.2,-2.67%
2020-10-05,6.37,5.29%
2020-10-04,6.05,0.00%
2020-10-03,6.05,0.00%
2020-10-02,6.05,2.20%
2020-10-01,5.92,-2.63%
2020-09-30,6.08,-1.14%
2020-09-29,6.15,-2.38%
2020-09-28,6.3,3.11%
2020-09-27,6.11,0.00%
2020-09-26,6.11,0.00%
2020-09-25,6.11,-1.29%
2020-09-24,6.19,-0.32%
2020-09-23,6.21,-5.05%
2020-09-22,6.54,-0.76%
2020-09-21,6.59,-3.65%
2020-09-18,6.84,0.00%
2020-09-17,6.84,0.00%
2020-09-16,6.84,5.07%
2020-09-15,6.51,-0.46%
2020-09-14,6.54,2.51%
2020-09-13,6.38,0.00%
2020-09-11,6.38,-0.47%
2020-09-10,6.41,-6.29%
2020-09-09,6.84,1.79%
2020-09-08,6.72,-6.54%
2020-09-04,7.19,0.28%
2020-09-03,7.17,-0.97%
2020-09-02,7.24,-3.21%
2020-09-01,7.48,-0.53%
2020-08-31,7.52,-2.72%
2020-08-30,7.73,0.00%
2020-08-28,7.73,0.91%
2020-08-27,7.66,1.59%
2020-08-26,7.54,-3.46%
2020-08-25,7.81,0.51%
2020-08-24,7.77,2.78%
2020-08-23,7.56,0.00%
2020-08-21,7.56,-1.95%
2020-08-20,7.71,-3.02%
2020-08-19,7.95,-1.00%
2020-08-18,8.03,-2.07%
2020-08-17,8.2,-1.20%
2020-08-14,8.3,1.84%
2020-08-13,8.15,-2.16%
2020-08-12,8.33,1.83%
2020-08-11,8.18,-2.50%
2020-08-10,8.39,4.09%
2020-08-09,8.06,0.00%
2020-08-08,8.06,0.00%
2020-08-07,8.06,1.00%
2020-08-06,7.98,-0.13%
2020-08-05,7.99,3.23%
2020-08-04,7.74,2.79%
2020-08-03,7.53,1.35%
2020-08-02,7.43,0.00%
2020-07-31,7.43,-0.67%
2020-07-30,7.48,-2.22%
2020-07-29,7.65,3.10%
2020-07-28,7.42,-1.72%
2020-07-27,7.55,-1.82%
2020-07-26,7.69,0.00%
2020-07-25,7.69,0.00%
2020-07-24,7.69,-0.65%
2020-07-23,7.74,-0.39%
2020-07-22,7.77,-1.52%
2020-07-21,7.89,7.93%
2020-07-20,7.31,-0.14%
2020-07-17,7.32,-1.74%
2020-07-16,7.45,-0.80%
2020-07-15,7.51,3.73%
2020-07-14,7.24,4.32%
2020-07-13,6.94,-2.39%
2020-07-12,7.11,0.00%
2020-07-11,7.11,0.00%
2020-07-10,7.11,3.34%
2020-07-09,6.88,-5.49%
2020-07-08,7.28,0.00%
2020-07-07,7.28,-2.80%
2020-07-06,7.49,-0.27%
2020-07-05,7.51,0.00%
2020-07-04,7.51,0.00%
2020-07-02,7.51,2.74%
2020-07-01,7.31,-2.27%
2020-06-30,7.48,2.05%
2020-06-29,7.33,2.23%
2020-06-26,7.17,-5.66%
2020-06-25,7.6,1.33%
2020-06-24,7.5,-7.41%
2020-06-23,8.1,-0.61%
2020-06-22,8.15,-0.24%
2020-06-19,8.17,-2.51%
2020-06-18,8.38,0.12%
2020-06-17,8.37,-4.01%
2020-06-16,8.72,1.99%
2020-06-15,8.55,1.66%
2020-06-12,8.41,3.83%
2020-06-11,8.1,-9.29%
2020-06-10,8.93,-7.27%
2020-06-09,9.63,-7.14%
2020-06-08,10.37,13.33%
2020-06-07,9.15,0.00%
2020-06-05,9.15,12.00%
2020-06-04,8.17,1.36%
2020-06-03,8.06,1.90%
2020-06-02,7.91,3.81%
2020-06-01,7.62,2.83%
2020-05-29,7.41,-2.37%
2020-05-28,7.59,-4.17%
2020-05-27,7.92,0.13%
2020-05-26,7.91,4.08%
2020-05-22,7.6,0.66%
2020-05-21,7.55,0.00%
2020-05-20,7.55,3.00%
2020-05-19,7.33,-2.14%
2020-05-18,7.49,9.34%
2020-05-15,6.85,2.09%
2020-05-14,6.71,-0.45%
2020-05-13,6.74,-6.39%
2020-05-12,7.2,-0.41%
2020-05-11,7.23,-2.56%
2020-05-10,7.42,0.00%
2020-05-09,7.42,0.00%
2020-05-08,7.42,5.25%
2020-05-07,7.05,0.86%
2020-05-06,6.99,-3.32%
2020-05-05,7.23,-1.50%
2020-05-04,7.34,3.38%
2020-05-03,7.1,0.00%
2020-05-02,7.1,0.00%
2020-05-01,7.1,-7.43%
2020-04-30,7.67,2.40%
2020-04-29,7.49,11.13%
2020-04-28,6.74,0.00%
2020-04-27,6.74,0.75%
2020-04-24,6.69,1.52%
2020-04-23,6.59,3.78%
2020-04-22,6.35,2.25%
2020-04-21,6.21,2.48%
2020-04-20,6.06,4.12%
2020-04-17,5.82,7.98%
2020-04-16,5.39,-3.58%
2020-04-15,5.59,-1.93%
2020-04-14,5.7,-0.35%
2020-04-13,5.72,3.25%
2020-04-09,5.54,2.21%
2020-04-08,5.42,8.84%
2020-04-07,4.98,3.97%
2020-04-06,4.79,3.90%
2020-04-03,4.61,5.73%
2020-04-02,4.36,8.46%
2020-04-01,4.02,-3.13%
2020-03-31,4.15,5.33%
2020-03-30,3.94,-0.51%
2020-03-28,3.96,0.00%
2020-03-27,3.96,-7.48%
2020-03-26,4.28,-2.73%
2020-03-25,4.4,0.23%
2020-03-24,4.39,11.99%
2020-03-23,3.92,-6.67%
2020-03-21,4.2,0.00%
2020-03-20,4.2,-1.87%
2020-03-19,4.28,7.00%
2020-03-18,4.0,-9.71%
2020-03-17,4.43,-3.06%
2020-03-16,4.57,-5.97%
2020-03-14,4.86,0.00%
2020-03-13,4.86,14.62%
2020-03-12,4.24,-6.19%
2020-03-11,4.52,-8.13%
2020-03-10,4.92,6.26%
2020-03-09,4.63,-28.55%
2020-03-06,6.48,-9.37%
2020-03-05,7.15,-3.51%
2020-03-04,7.41,0.27%
2020-03-03,7.39,-3.52%
2020-03-02,7.66,0.66%
2020-02-28,7.61,3.54%
2020-02-27,7.35,-6.13%
2020-02-26,7.83,-5.21%
2020-02-25,8.26,-5.60%
2020-02-24,8.75,-5.20%
2020-02-21,9.23,-2.22%
2020-02-20,9.44,0.00%
2020-02-19,9.44,2.50%
2020-02-18,9.21,-0.11%
2020-02-17,9.22,0.00%
2020-02-14,9.22,-1.71%
2020-02-13,9.38,-0.74%
2020-02-12,9.45,1.39%
2020-02-11,9.32,0.54%
2020-02-10,9.27,-3.13%
2020-02-07,9.57,-1.85%
2020-02-06,9.75,-1.81%
2020-02-05,9.93,5.30%
2020-02-04,9.43,0.32%
2020-02-03,9.4,-1.36%
2020-01-31,9.53,-2.16%
2020-01-30,9.74,-0.20%
2020-01-29,9.76,-2.11%
2020-01-28,9.97,0.81%
2020-01-27,9.89,-3.13%
2020-01-24,10.21,-2.58%
2020-01-23,10.48,-1.32%
2020-01-22,10.62,-2.39%
2020-01-21,10.88,-4.39%
2020-01-17,11.38,-1.81%
2020-01-16,11.59,-0.43%
2020-01-15,11.64,-0.77%
2020-01-14,11.73,1.30%
2020-01-13,11.58,-1.28%
2020-01-10,11.73,-0.85%
2020-01-09,11.83,-1.17%
2020-01-08,11.97,-3.93%
2020-01-07,12.46,1.63%
2020-01-06,12.26,0.99%
2020-01-03,12.14,2.10%
2020-01-02,11.89,-1.41%
2019-12-31,12.06,1.77%
2019-12-30,11.85,-0.08%
2019-12-27,11.86,-2.23%
2019-12-26,12.13,0.33%
2019-12-24,12.09,0.08%
2019-12-23,12.08,2.90%
2019-12-20,11.74,-1.18%
2019-12-19,11.88,1.71%
2019-12-18,11.68,1.57%
2019-12-17,11.5,2.50%
2019-12-16,11.22,3.13%
2019-12-13,10.88,-3.63%
2019-12-12,11.29,4.25%
2019-12-11,10.83,-0.82%
2019-12-10,10.92,1.11%
2019-12-09,10.8,2.18%
2019-12-06,10.57,3.63%
2019-12-05,10.2,-1.07%
2019-12-04,10.31,3.51%
2019-12-03,9.96,-1.39%
2019-12-02,10.1,-0.59%
2019-11-29,10.16,-2.68%
2019-11-27,10.44,1.46%
2019-11-26,10.29,-3.20%
2019-11-25,10.63,1.14%
2019-11-22,10.51,1.25%
2019-11-21,10.38,1.27%
2019-11-20,10.25,0.99%
2019-11-19,10.15,-3.06%
2019-11-18,10.47,-4.38%
2019-11-15,10.95,1.96%
2019-11-14,10.74,-1.10%
2019-11-13,10.86,-1.54%
2019-11-12,11.03,-0.45%
2019-11-11,11.08,-3.48%
2019-11-08,11.48,0.70%
2019-11-07,11.4,1.69%
2019-11-06,11.21,-2.10%
2019-11-05,11.45,0.35%
2019-11-04,11.41,6.04%
2019-11-01,10.76,3.16%
2019-10-31,10.43,-0.29%
2019-10-30,10.46,-3.86%
2019-10-29,10.88,3.13%
2019-10-28,10.55,-1.68%
2019-10-25,10.73,2.48%
2019-10-24,10.47,-0.48%
2019-10-23,10.52,2.43%
2019-10-22,10.27,1.28%
2019-10-21,10.14,0.90%
2019-10-18,10.05,-3.09%
2019-10-17,10.37,0.29%
2019-10-16,10.34,-1.05%
2019-10-15,10.45,0.48%
2019-10-14,10.4,-1.79%
2019-10-11,10.59,2.22%
2019-10-10,10.36,0.58%
2019-10-09,10.3,-0.19%
2019-10-08,10.32,-3.73%
2019-10-07,10.72,-1.65%
2019-10-04,10.9,-0.27%
2019-10-03,10.93,1.77%
2019-10-02,10.74,-2.63%
2019-10-01,11.03,-3.75%
2019-09-30,11.46,-1.12%
2019-09-27,11.59,-0.34%
2019-09-26,11.63,-2.51%
2019-09-25,11.93,-0.83%
2019-09-24,12.03,-3.22%
2019-09-23,12.43,-0.32%
2019-09-20,12.47,0.16%
2019-09-19,12.45,-1.66%
2019-09-18,12.66,-1.86%
2019-09-17,12.9,-4.80%
2019-09-16,13.55,11.16%
2019-09-13,12.19,1.84%
2019-09-12,11.97,-2.05%
2019-09-11,12.22,0.58%
2019-09-10,12.15,0.25%
2019-09-09,12.12,5.94%
2019-09-06,11.44,-1.21%
2019-09-05,11.58,2.30%
2019-09-04,11.32,3.28%
2019-09-03,10.96,-1.88%
2019-08-30,11.17,-2.19%
2019-08-29,11.42,3.35%
2019-08-28,11.05,3.66%
2019-08-27,10.66,-0.65%
2019-08-26,10.73,0.56%
2019-08-23,10.67,-4.30%
2019-08-22,11.15,-2.11%
2019-08-21,11.39,-0.18%
2019-08-20,11.41,-1.13%
2019-08-19,11.54,3.50%
2019-08-16,11.15,3.82%
2019-08-15,10.74,-0.46%
2019-08-14,10.79,-5.10%
2019-08-13,11.37,0.35%
2019-08-12,11.33,-1.13%
2019-08-09,11.46,-1.04%
2019-08-08,11.58,2.21%
2019-08-07,11.33,-0.44%
2019-08-06,11.38,-1.73%
2019-08-05,11.58,-4.46%
2019-08-02,12.12,-0.41%
2019-08-01,12.17,-5.95%
2019-07-31,12.94,0.86%
2019-07-30,12.83,6.30%
2019-07-29,12.07,-2.03%
2019-07-26,12.32,-2.53%
2019-07-25,12.64,-3.81%
2019-07-24,13.14,0.08%
2019-07-23,13.13,0.69%
2019-07-22,13.04,0.31%
2019-07-19,13.0,0.85%
2019-07-18,12.89,-1.00%
2019-07-17,13.02,-2.84%
2019-07-16,13.4,-2.33%
2019-07-15,13.72,-2.42%
2019-07-12,14.06,0.36%
2019-07-11,14.01,-2.16%
2019-07-10,14.32,2.29%
2019-07-09,14.0,-0.07%
2019-07-08,14.01,-1.48%
2019-07-05,14.22,1.50%
2019-07-03,14.01,0.29%
2019-07-02,13.97,-3.32%
2019-07-01,14.45,-0.28%
2019-06-28,14.49,2.11%
2019-06-27,14.19,-0.56%
2019-06-26,14.27,2.96%
2019-06-25,13.86,-1.00%
2019-06-24,14.0,-0.85%
2019-06-21,14.12,-0.35%
2019-06-20,14.17,2.53%
2019-06-19,13.82,-0.72%
2019-06-18,13.92,1.68%
2019-06-17,13.69,1.78%
2019-06-14,13.45,-3.31%
2019-06-13,13.91,2.20%
2019-06-12,13.61,-2.99%
2019-06-11,14.03,-0.21%
2019-06-10,14.06,-0.92%
2019-06-07,14.19,-0.49%
2019-06-06,14.26,0.71%
2019-06-05,14.16,-3.67%
2019-06-04,14.7,2.44%
2019-06-03,14.35,0.70%
2019-05-31,14.25,-1.11%
2019-05-30,14.41,-2.70%
2019-05-29,14.81,-0.07%
2019-05-28,14.82,-1.27%
2019-05-24,15.01,-0.07%
2019-05-23,15.02,-4.76%
2019-05-22,15.77,-3.90%
2019-05-21,16.41,2.05%
2019-05-20,16.08,-0.43%
2019-05-17,16.15,-2.36%
2019-05-16,16.54,0.06%
2019-05-15,16.53,0.92%
2019-05-14,16.38,2.18%
2019-05-13,16.03,-2.26%
2019-05-10,16.4,0.74%
2019-05-09,16.28,0.00%
2019-05-08,16.28,0.74%
2019-05-07,16.16,-0.37%
2019-05-06,16.22,0.43%
2019-05-03,16.15,1.76%
2019-05-02,15.87,-2.58%
2019-05-01,16.29,-2.86%
2019-04-30,16.77,-1.64%
2019-04-29,17.05,0.00%
2019-04-26,17.05,-1.10%
2019-04-25,17.24,-1.77%
2019-04-24,17.55,-1.74%
2019-04-23,17.86,0.28%
2019-04-22,17.81,3.07%
2019-04-18,17.28,-1.54%
2019-04-17,17.55,-0.74%
2019-04-16,17.68,0.45%
2019-04-15,17.6,-1.01%
2019-04-12,17.78,3.43%
2019-04-11,17.19,-1.15%
2019-04-10,17.39,0.69%
2019-04-09,17.27,-2.10%
2019-04-08,17.64,0.74%
2019-04-05,17.51,2.58%
2019-04-04,17.07,1.25%
2019-04-03,16.86,-2.54%
2019-04-02,17.3,-1.14%
2019-04-01,17.5,1.27%
2019-03-29,17.28,-0.12%
2019-03-28,17.3,1.11%
2019-03-27,17.11,-0.58%
2019-03-26,17.21,1.65%
2019-03-25,16.93,0.42%
2019-03-22,16.86,-4.37%
2019-03-21,17.63,0.63%
2019-03-20,17.52,2.70%
2019-03-19,17.06,-0.87%
2019-03-18,17.21,2.87%
2019-03-15,16.73,-0.95%
2019-03-14,16.89,-0.18%
2019-03-13,16.92,1.44%
2019-03-12,16.68,2.52%
2019-03-11,16.27,1.50%
2019-03-08,16.03,-2.91%
2019-03-07,16.51,-1.14%
2019-03-06,16.7,-2.34%
2019-03-05,17.1,-0.64%
2019-03-04,17.21,0.82%
2019-03-01,17.07,2.34%
2019-02-28,16.68,-0.60%
2019-02-27,16.78,-0.12%
2019-02-26,16.8,-1.70%
2019-02-25,17.09,0.47%
2019-02-22,17.01,0.24%
2019-02-21,16.97,-1.91%
2019-02-20,17.3,0.93%
2019-02-19,17.14,0.00%
2019-02-15,17.14,3.00%
2019-02-14,16.64,0.48%
2019-02-13,16.56,1.91%
2019-02-12,16.25,1.44%
2019-02-11,16.02,1.78%
2019-02-08,15.74,-1.19%
2019-02-07,15.93,-4.32%
2019-02-06,16.65,-1.60%
2019-02-05,16.92,-1.69%
2019-02-04,17.21,0.35%
2019-02-01,17.15,0.59%
2019-01-31,17.05,-2.74%
2019-01-30,17.53,2.57%
2019-01-29,17.09,0.83%
2019-01-28,16.95,-1.63%
2019-01-25,17.23,2.07%
2019-01-24,16.88,1.02%
2019-01-23,16.71,-1.53%
2019-01-22,16.97,-3.85%
2019-01-18,17.65,1.67%
2019-01-17,17.36,0.46%
2019-01-16,17.28,0.00%
2019-01-15,17.28,1.47%
2019-01-14,17.03,0.59%
2019-01-11,16.93,-0.59%
2019-01-10,17.03,0.35%
2019-01-09,16.97,1.43%
2019-01-08,16.73,1.64%
2019-01-07,16.46,3.39%
2019-01-04,15.92,5.22%
2019-01-03,15.13,0.00%
2019-01-02,15.13,2.93%
2018-12-31,14.7,0.34%
2018-12-28,14.65,-1.55%
2018-12-27,14.88,-0.07%
2018-12-26,14.89,9.57%
2018-12-24,13.59,-5.56%
2018-12-21,14.39,-2.31%
2018-12-20,14.73,-3.54%
2018-12-19,15.27,-1.10%
2018-12-18,15.44,-2.77%
2018-12-17,15.88,-3.11%
2018-12-14,16.39,-3.98%
2018-12-13,17.07,-0.12%
2018-12-12,17.09,0.29%
2018-12-11,17.04,-0.18%
2018-12-10,17.07,-2.51%
2018-12-07,17.51,-0.11%
2018-12-06,17.53,-2.61%
2018-12-04,18.0,-2.96%
2018-12-03,18.55,3.23%
2018-11-30,17.97,-1.26%
2018-11-29,18.2,0.61%
2018-11-28,18.09,1.74%
2018-11-27,17.78,-1.88%
2018-11-26,18.12,0.67%
2018-11-23,18.0,-2.81%
2018-11-21,18.52,2.43%
2018-11-20,18.08,-4.64%
2018-11-19,18.96,0.48%
2018-11-16,18.87,-0.58%
2018-11-15,18.98,1.01%
2018-11-14,18.79,-0.84%
2018-11-13,18.95,-1.30%
2018-11-12,19.2,-3.23%
2018-11-09,19.84,-0.10%
2018-11-08,19.86,-2.60%
2018-11-07,20.39,2.31%
2018-11-06,19.93,-0.60%
2018-11-05,20.05,3.78%
2018-11-02,19.32,-2.33%
2018-11-01,19.78,1.64%
2018-10-31,19.46,1.57%
2018-10-30,19.16,2.02%
2018-10-29,18.78,-3.30%
2018-10-26,19.42,-1.47%
2018-10-25,19.71,0.66%
2018-10-24,19.58,-5.18%
2018-10-23,20.65,-2.96%
2018-10-22,21.28,-1.66%
2018-10-19,21.64,-0.18%
2018-10-18,21.68,-1.77%
2018-10-17,22.07,-1.65%
2018-10-16,22.44,1.22%
2018-10-15,22.17,0.82%
2018-10-12,21.99,0.69%
2018-10-11,21.84,-2.06%
2018-10-10,22.3,-3.80%
2018-10-09,23.18,1.53%
2018-10-08,22.83,0.04%
2018-10-05,22.82,0.09%
2018-10-04,22.8,-1.17%
2018-10-03,23.07,2.26%
2018-10-02,22.56,-0.49%
2018-10-01,22.67,1.30%
2018-09-28,22.38,0.22%
2018-09-27,22.33,1.13%
2018-09-26,22.08,-2.34%
2018-09-25,22.61,-0.04%
2018-09-24,22.62,0.62%
2018-09-21,22.48,0.04%
2018-09-20,22.47,0.18%
2018-09-19,22.43,1.45%
2018-09-18,22.11,1.47%
2018-09-17,21.79,-0.68%
2018-09-14,21.94,-0.23%
2018-09-13,21.99,-0.54%
2018-09-12,22.11,1.10%
2018-09-11,21.87,1.91%
2018-09-10,21.46,-0.09%
2018-09-07,21.48,-0.74%
2018-09-06,21.64,-2.35%
2018-09-05,22.16,-0.14%
2018-09-04,22.19,-1.42%
2018-08-31,22.51,-0.84%
2018-08-30,22.7,-0.09%
2018-08-29,22.72,0.75%
2018-08-28,22.55,-0.97%
2018-08-27,22.77,0.09%
2018-08-24,22.75,0.71%
2018-08-23,22.59,-0.66%
2018-08-22,22.74,1.88%
2018-08-21,22.32,1.50%
2018-08-20,21.99,0.73%
2018-08-17,21.83,0.32%
2018-08-16,21.76,0.65%
2018-08-15,21.62,-3.35%
2018-08-14,22.37,0.58%
2018-08-13,22.24,-2.28%
2018-08-10,22.76,0.89%
2018-08-09,22.56,-0.40%
2018-08-08,22.65,-1.22%
2018-08-07,22.93,-0.22%
2018-08-06,22.98,0.39%
2018-08-03,22.89,-1.17%
2018-08-02,23.16,0.61%
2018-08-01,23.02,-0.99%
2018-07-31,23.25,0.56%
2018-07-30,23.12,1.18%
2018-07-27,22.85,-3.18%
2018-07-26,23.6,-0.13%
2018-07-25,23.63,0.94%
2018-07-24,23.41,0.56%
2018-07-23,23.28,-0.64%
2018-07-20,23.43,-0.76%
2018-07-19,23.61,1.20%
2018-07-18,23.33,0.26%
2018-07-17,23.27,0.17%
2018-07-16,23.23,-1.61%
2018-07-13,23.61,0.51%
2018-07-12,23.49,-0.34%
2018-07-11,23.57,-2.12%
2018-07-10,24.08,0.00%
2018-07-09,24.08,2.16%
2018-07-06,23.57,1.73%
2018-07-05,23.17,0.04%
2018-07-03,23.16,0.87%
2018-07-02,22.96,-1.71%
2018-06-29,23.36,0.26%
2018-06-28,23.3,-0.09%
2018-06-27,23.32,1.04%
2018-06-26,23.08,2.21%
2018-06-25,22.58,-2.00%
2018-06-22,23.04,2.04%
2018-06-21,22.58,-2.17%
2018-06-20,23.08,1.76%
2018-06-19,22.68,0.80%
2018-06-18,22.5,1.99%
2018-06-15,22.06,-2.69%
2018-06-14,22.67,-1.22%
2018-06-13,22.95,0.00%
2018-06-12,22.95,0.44%
2018-06-11,22.85,1.24%
2018-06-08,22.57,-0.53%
2018-06-07,22.69,2.12%
2018-06-06,22.22,0.50%
2018-06-05,22.11,0.14%
2018-06-04,22.08,-2.90%
2018-06-01,22.74,-0.26%
2018-05-31,22.8,-0.83%
2018-05-30,22.99,3.42%
2018-05-29,22.23,0.00%
2018-05-25,22.23,-2.46%
2018-05-24,22.79,-1.60%
2018-05-23,23.16,-0.56%
2018-05-22,23.29,-1.85%
2018-05-21,23.73,1.80%
2018-05-18,23.31,-1.02%
2018-05-17,23.55,1.99%
2018-05-16,23.09,0.79%
2018-05-15,22.91,0.48%
2018-05-14,22.8,1.20%
2018-05-11,22.53,-0.97%
2018-05-10,22.75,0.22%
2018-05-09,22.7,1.57%
2018-05-08,22.35,1.59%
2018-05-07,22.0,0.64%
2018-05-04,21.86,1.77%
2018-05-03,21.48,-2.63%
2018-05-02,22.06,-0.14%
2018-05-01,22.09,-0.23%
2018-04-30,22.14,0.54%
2018-04-27,22.02,-1.03%
2018-04-26,22.25,1.18%
2018-04-25,21.99,0.96%
2018-04-24,21.78,-1.45%
2018-04-23,22.1,1.14%
2018-04-20,21.85,-0.82%
2018-04-19,22.03,-0.59%
2018-04-18,22.16,2.59%
2018-04-17,21.6,0.56%
2018-04-16,21.48,0.80%
2018-04-13,21.31,1.14%
2018-04-12,21.07,-0.61%
2018-04-11,21.2,1.78%
2018-04-10,20.83,4.15%
2018-04-09,20.0,0.05%
2018-04-06,19.99,-2.77%
2018-04-05,20.56,2.54%
2018-04-04,20.05,-0.20%
2018-04-03,20.09,1.77%
2018-04-02,19.74,-3.71%
2018-03-29,20.5,2.55%
2018-03-28,19.99,-1.24%
2018-03-27,20.24,-2.69%
2018-03-26,20.8,1.46%
2018-03-23,20.5,-0.58%
2018-03-22,20.62,-2.14%
2018-03-21,21.07,4.31%
2018-03-20,20.2,0.50%
2018-03-19,20.1,-2.76%
2018-03-16,20.67,1.27%
2018-03-15,20.41,-2.30%
2018-03-14,20.89,-0.67%
2018-03-13,21.03,-0.24%
2018-03-12,21.08,0.72%
2018-03-09,20.93,1.80%
2018-03-08,20.56,-0.29%
2018-03-07,20.62,-0.91%
2018-03-06,20.81,-1.14%
2018-03-05,21.05,1.74%
2018-03-02,20.69,1.72%
2018-03-01,20.34,1.04%
2018-02-28,20.13,-2.28%
2018-02-27,20.6,-1.90%
2018-02-26,21.0,0.82%
2018-02-23,20.83,2.81%
2018-02-22,20.26,0.45%
2018-02-21,20.17,-2.94%
2018-02-20,20.78,0.39%
2018-02-16,20.7,-0.53%
2018-02-15,20.81,0.05%
2018-02-14,20.8,2.82%
2018-02-13,20.23,-1.27%
2018-02-12,20.49,2.60%
2018-02-09,19.97,-0.60%
2018-02-08,20.09,-4.01%
2018-02-07,20.93,-2.74%
2018-02-06,21.52,1.70%
2018-02-05,21.16,-3.33%
2018-02-02,21.89,-4.29%
2018-02-01,22.87,0.48%
2018-01-31,22.76,-0.65%
2018-01-30,22.91,-3.01%
2018-01-29,23.62,-1.95%
2018-01-26,24.09,0.12%
2018-01-25,24.06,-1.51%
2018-01-24,24.43,-0.24%
2018-01-23,24.49,0.78%
2018-01-22,24.3,2.70%
2018-01-19,23.66,-0.42%
2018-01-18,23.76,-1.33%
2018-01-17,24.08,0.38%
2018-01-16,23.99,-1.52%
2018-01-12,24.36,0.50%
2018-01-11,24.24,2.41%
2018-01-10,23.67,-0.59%
2018-01-09,23.81,0.29%
2018-01-08,23.74,0.72%
2018-01-05,23.57,-1.01%
2018-01-04,23.81,0.63%
2018-01-03,23.66,1.11%
2018-01-02,23.4,2.72%
2017-12-29,22.78,-0.96%
2017-12-28,23.0,1.14%
2017-12-27,22.74,-0.61%
2017-12-26,22.88,2.14%
2017-12-22,22.4,0.49%
2017-12-21,22.29,2.48%
2017-12-20,21.75,2.02%
2017-12-19,21.32,-0.05%
2017-12-18,21.33,1.96%
2017-12-15,20.92,-1.69%
2017-12-14,21.28,-0.84%
2017-12-13,21.46,-0.74%
2017-12-12,21.62,-0.83%
2017-12-11,21.8,1.49%
2017-12-08,21.48,1.32%
2017-12-07,21.2,0.28%
2017-12-06,21.14,-2.98%
2017-12-05,21.79,-0.86%
2017-12-04,21.98,-1.43%
2017-12-01,22.3,1.73%
2017-11-30,21.92,2.24%
2017-11-29,21.44,0.23%
2017-11-28,21.39,0.47%
2017-11-27,21.29,-1.84%
2017-11-24,21.69,0.00%
2017-11-22,21.69,1.17%
2017-11-21,21.44,-0.14%
2017-11-20,21.47,-1.06%
2017-11-17,21.7,1.50%
2017-11-16,21.38,0.23%
2017-11-15,21.33,-0.79%
2017-11-14,21.5,-3.72%
2017-11-13,22.33,-2.02%
2017-11-10,22.79,-0.09%
2017-11-09,22.81,1.29%
2017-11-08,22.52,-1.05%
2017-11-07,22.76,-0.65%
2017-11-06,22.91,3.85%
2017-11-03,22.06,1.05%
2017-11-02,21.83,-1.36%
2017-11-01,22.13,2.45%
2017-10-31,21.6,1.41%
2017-10-30,21.3,0.52%
2017-10-27,21.19,3.01%
2017-10-26,20.57,0.73%
2017-10-25,20.42,-1.35%
2017-10-24,20.7,-0.19%
2017-10-23,20.74,-1.89%
2017-10-20,21.14,0.24%
2017-10-19,21.09,-0.71%
2017-10-18,21.24,-0.84%
2017-10-17,21.42,0.14%
2017-10-16,21.39,-0.09%
2017-10-13,21.41,-0.33%
2017-10-12,21.48,-0.51%
2017-10-11,21.59,0.51%
2017-10-10,21.48,-0.19%
2017-10-09,21.52,-0.05%
2017-10-06,21.53,-1.78%
2017-10-05,21.92,0.69%
2017-10-04,21.77,-0.37%
2017-10-03,21.85,-0.18%
2017-10-02,21.89,0.64%
2017-09-29,21.75,0.09%
2017-09-28,21.73,-1.05%
2017-09-27,21.96,1.15%
2017-09-26,21.71,0.14%
2017-09-25,21.68,2.60%
2017-09-22,21.13,0.52%
2017-09-21,21.02,0.29%
2017-09-20,20.96,1.55%
2017-09-19,20.64,-0.24%
2017-09-18,20.69,0.53%
2017-09-15,20.58,0.00%
2017-09-14,20.58,1.13%
2017-09-13,20.35,2.83%
2017-09-12,19.79,1.91%
2017-09-11,19.42,1.09%
2017-09-08,19.21,-3.03%
2017-09-07,19.81,-0.60%
2017-09-06,19.93,1.48%
2017-09-05,19.64,-0.56%
2017-09-01,19.75,2.07%
2017-08-31,19.35,1.84%
2017-08-30,19.0,0.05%
2017-08-29,18.99,-0.11%
2017-08-28,19.01,-1.04%
2017-08-25,19.21,-0.36%
2017-08-24,19.28,0.16%
2017-08-23,19.25,1.10%
2017-08-22,19.04,0.90%
2017-08-21,18.87,-1.05%
2017-08-18,19.07,0.85%
2017-08-17,18.91,-1.15%
2017-08-16,19.13,-1.03%
2017-08-15,19.33,-0.31%
2017-08-14,19.39,-1.22%
2017-08-11,19.63,0.26%
2017-08-10,19.58,-1.26%
2017-08-09,19.83,0.51%
2017-08-08,19.73,-0.35%
2017-08-07,19.8,-1.88%
2017-08-04,20.18,1.71%
2017-08-03,19.84,-2.89%
2017-08-02,20.43,-2.01%
2017-08-01,20.85,-0.86%
2017-07-31,21.03,-1.08%
2017-07-28,21.26,-0.47%
2017-07-27,21.36,1.57%
2017-07-26,21.03,-0.14%
2017-07-25,21.06,2.83%
2017-07-24,20.48,-0.39%
2017-07-21,20.56,-0.63%
2017-07-20,20.69,-1.80%
2017-07-19,21.07,3.03%
2017-07-18,20.45,-1.26%
2017-07-17,20.71,0.29%
2017-07-14,20.65,0.98%
2017-07-13,20.45,1.14%
2017-07-12,20.22,0.15%
2017-07-11,20.19,1.10%
2017-07-10,19.97,1.58%
2017-07-07,19.66,-0.86%
2017-07-06,19.83,-2.03%
2017-07-05,20.24,-3.07%
2017-07-03,20.88,2.00%
2017-06-30,20.47,0.20%
2017-06-29,20.43,1.95%
2017-06-28,20.04,0.91%
2017-06-27,19.86,-0.55%
2017-06-26,19.97,1.06%
2017-06-23,19.76,2.92%
2017-06-22,19.2,-1.29%
2017-06-21,19.45,-2.80%
2017-06-20,20.01,-1.33%
2017-06-19,20.28,-0.78%
2017-06-16,20.44,0.25%
2017-06-15,20.39,-1.78%
2017-06-14,20.76,-3.22%
2017-06-13,21.45,2.24%
2017-06-12,20.98,0.62%
2017-06-09,20.85,3.01%
2017-06-08,20.24,-0.69%
2017-06-07,20.38,-3.64%
2017-06-06,21.15,1.83%
2017-06-05,20.77,-0.57%
2017-06-02,20.89,-2.38%
2017-06-01,21.4,0.66%
2017-05-31,21.26,-1.21%
2017-05-30,21.52,-2.67%
2017-05-26,22.11,0.32%
2017-05-25,22.04,-2.26%
2017-05-24,22.55,-1.31%
2017-05-23,22.85,0.00%
2017-05-22,22.85,-0.74%
2017-05-19,23.02,2.54%
2017-05-18,22.45,-0.62%
2017-05-17,22.59,-1.18%
2017-05-16,22.86,-1.04%
2017-05-15,23.1,0.26%
2017-05-12,23.04,-0.09%
2017-05-11,23.06,-0.52%
2017-05-10,23.18,2.16%
2017-05-09,22.69,-1.18%
2017-05-08,22.96,0.53%
2017-05-05,22.84,3.25%
2017-05-04,22.12,-2.90%
2017-05-03,22.78,-0.65%
2017-05-02,22.93,-0.65%
2017-05-01,23.08,0.17%
2017-04-28,23.04,-0.82%
2017-04-27,23.23,-2.35%
2017-04-26,23.79,-0.29%
2017-04-25,23.86,1.71%
2017-04-24,23.46,0.17%
2017-04-21,23.42,-0.13%
2017-04-20,23.45,0.60%
2017-04-19,23.31,-1.81%
2017-04-18,23.74,-1.08%
2017-04-17,24.0,0.33%
2017-04-13,23.92,-2.05%
2017-04-12,24.42,-1.21%
2017-04-11,24.72,-0.36%
2017-04-10,24.81,0.89%
2017-04-07,24.59,-0.81%
2017-04-06,24.79,1.47%
2017-04-05,24.43,-1.61%
2017-04-04,24.83,2.01%
2017-04-03,24.34,-0.53%
2017-03-31,24.47,1.24%
2017-03-30,24.17,-0.98%
2017-03-29,24.41,2.91%
2017-03-28,23.72,1.98%
2017-03-27,23.26,0.52%
2017-03-24,23.14,0.39%
2017-03-23,23.05,0.00%
2017-03-22,23.05,-1.16%
2017-03-21,23.32,-1.52%
2017-03-20,23.68,0.13%
2017-03-17,23.65,-0.46%
2017-03-16,23.76,-1.00%
2017-03-15,24.0,2.92%
2017-03-14,23.32,-1.60%
2017-03-13,23.7,0.81%
2017-03-10,23.51,-0.34%
2017-03-09,23.59,0.38%
2017-03-08,23.5,-3.61%
2017-03-07,24.38,-0.97%
2017-03-06,24.62,0.78%
2017-03-03,24.43,-0.24%
2017-03-02,24.49,-1.41%
2017-03-01,24.84,2.26%
2017-02-28,24.29,-0.65%
2017-02-27,24.45,0.25%
2017-02-24,24.39,-2.24%
2017-02-23,24.95,-0.44%
2017-02-22,25.06,-2.57%
2017-02-21,25.72,0.39%
2017-02-17,25.62,-0.19%
2017-02-16,25.67,-1.69%
2017-02-15,26.11,-1.02%
2017-02-14,26.38,1.11%
2017-02-13,26.09,-0.57%
2017-02-10,26.24,1.00%
2017-02-09,25.98,1.96%
2017-02-08,25.48,-0.43%
2017-02-07,25.59,-2.51%
2017-02-06,26.25,-0.98%
2017-02-03,26.51,1.34%
2017-02-02,26.16,1.28%
2017-02-01,25.83,-0.12%
2017-01-31,25.86,0.12%
2017-01-30,25.83,-3.37%
2017-01-27,26.73,-1.40%
2017-01-26,27.11,0.67%
2017-01-25,26.93,0.75%
2017-01-24,26.73,1.95%
2017-01-23,26.22,-0.72%
2017-01-20,26.41,0.27%
2017-01-19,26.34,-0.27%
2017-01-18,26.41,-0.49%
2017-01-17,26.54,0.61%
2017-01-13,26.38,-0.11%
2017-01-12,26.41,-0.15%
2017-01-11,26.45,1.22%
2017-01-10,26.13,-0.15%
2017-01-09,26.17,-2.39%
2017-01-06,26.81,-0.11%
2017-01-05,26.84,0.75%
2017-01-04,26.64,1.37%
2017-01-03,26.28,0.42%
2016-12-30,26.17,-0.61%
2016-12-29,26.33,-0.49%
2016-12-28,26.46,-1.23%
2016-12-27,26.79,0.49%
2016-12-23,26.66,0.00%
2016-12-22,26.66,0.26%
2016-12-21,26.59,0.30%
2016-12-20,26.51,-0.60%
2016-12-19,26.67,0.00%
2016-12-16,26.67,-0.11%
2016-12-15,26.7,-0.34%
2016-12-14,26.79,-3.04%
2016-12-13,27.63,1.28%
2016-12-12,27.28,-1.69%
2016-12-09,27.75,0.00%
2016-12-08,27.75,0.65%
2016-12-07,27.57,-0.18%
2016-12-06,27.62,0.33%
2016-12-05,27.53,1.10%
2016-12-02,27.23,-0.07%
2016-12-01,27.25,0.59%
2016-11-30,27.09,8.49%
2016-11-29,24.97,-1.30%
2016-11-28,25.3,-2.35%
2016-11-25,25.91,-1.52%
2016-11-23,26.31,1.31%
2016-11-22,25.97,-0.42%
2016-11-21,26.08,4.24%
2016-11-18,25.02,0.68%
2016-11-17,24.85,-1.15%
2016-11-16,25.14,-1.10%
2016-11-15,25.42,3.88%
2016-11-14,24.47,1.54%
2016-11-11,24.1,-1.95%
2016-11-10,24.58,0.00%
2016-11-09,24.58,2.85%
2016-11-08,23.9,-0.67%
2016-11-07,24.06,2.51%
2016-11-04,23.47,-1.14%
2016-11-03,23.74,0.47%
2016-11-02,23.63,-1.05%
2016-11-01,23.88,-0.54%
2016-10-31,24.01,-2.00%
2016-10-28,24.5,-2.04%
2016-10-27,25.01,1.05%
2016-10-26,24.75,-0.44%
2016-10-25,24.86,-2.28%
2016-10-24,25.44,-1.40%
2016-10-21,25.8,-1.34%
2016-10-20,26.15,-0.08%
2016-10-19,26.17,1.63%
2016-10-18,25.75,0.35%
2016-10-17,25.66,-1.04%
2016-10-14,25.93,-1.56%
2016-10-13,26.34,0.08%
2016-10-12,26.32,-0.15%
2016-10-11,26.36,-1.42%
2016-10-10,26.74,1.40%
2016-10-07,26.37,-0.79%
2016-10-06,26.58,-0.56%
2016-10-05,26.73,1.98%
2016-10-04,26.21,-1.28%
2016-10-03,26.55,0.49%
2016-09-30,26.42,1.77%
2016-09-29,25.96,1.01%
2016-09-28,25.7,5.11%
2016-09-27,24.45,-2.90%
2016-09-26,25.18,0.08%
2016-09-23,25.16,-2.71%
2016-09-22,25.86,0.66%
2016-09-21,25.69,3.17%
2016-09-20,24.9,-0.72%
2016-09-19,25.08,-0.20%
2016-09-16,25.13,-0.71%
2016-09-15,25.31,1.16%
2016-09-14,25.02,-1.84%
2016-09-13,25.49,-4.21%
2016-09-12,26.61,0.57%
2016-09-09,26.46,-2.93%
2016-09-08,27.26,2.37%
2016-09-07,26.63,0.60%
2016-09-06,26.47,1.53%
2016-09-02,26.07,1.84%
2016-09-01,25.6,0.20%
2016-08-31,25.55,-2.14%
2016-08-30,26.11,-0.50%
2016-08-29,26.24,0.77%
2016-08-26,26.04,0.12%
2016-08-25,26.01,-0.08%
2016-08-24,26.03,-1.10%
2016-08-23,26.32,1.54%
2016-08-22,25.92,-1.14%
2016-08-19,26.22,-0.61%
2016-08-18,26.38,2.97%
2016-08-17,25.62,-0.19%
2016-08-16,25.67,-0.12%
2016-08-15,25.7,1.18%
2016-08-12,25.4,0.87%
2016-08-11,25.18,2.52%
2016-08-10,24.56,-0.85%
2016-08-09,24.77,-0.64%
2016-08-08,24.93,1.63%
2016-08-05,24.53,0.53%
2016-08-04,24.4,-0.12%
2016-08-03,24.43,3.52%
2016-08-02,23.6,1.07%
2016-08-01,23.35,-4.34%
2016-07-29,24.41,2.43%
2016-07-28,23.83,0.42%
2016-07-27,23.73,-1.90%
2016-07-26,24.19,1.30%
2016-07-25,23.88,-2.57%
2016-07-22,24.51,0.37%
2016-07-21,24.42,-1.01%
2016-07-20,24.67,0.16%
2016-07-19,24.63,-0.93%
2016-07-18,24.86,0.24%
2016-07-15,24.8,-0.08%
2016-07-14,24.82,-0.12%
2016-07-13,24.85,-1.70%
2016-07-12,25.28,3.95%
2016-07-11,24.32,-0.12%
2016-07-08,24.35,1.59%
2016-07-07,23.97,-1.20%
2016-07-06,24.26,1.42%
2016-07-05,23.92,-3.20%
2016-07-01,24.71,1.44%
2016-06-30,24.36,-0.61%
2016-06-29,24.51,1.49%
2016-06-28,24.15,4.68%
2016-06-27,23.07,-3.88%
2016-06-24,24.0,-4.84%
2016-06-23,25.22,1.65%
2016-06-22,24.81,-1.90%
2016-06-21,25.29,1.73%
2016-06-20,24.86,1.47%
2016-06-17,24.5,2.30%
2016-06-16,23.95,-1.96%
2016-06-15,24.43,-0.20%
2016-06-14,24.48,0.20%
2016-06-13,24.43,-0.20%
2016-06-10,24.48,-4.26%
2016-06-09,25.57,-0.16%
2016-06-08,25.61,-1.12%
2016-06-07,25.9,2.78%
2016-06-06,25.2,2.82%
2016-06-03,24.51,-0.89%
2016-06-02,24.73,0.28%
2016-06-01,24.66,0.45%
2016-05-31,24.55,0.29%
2016-05-27,24.48,-0.33%
2016-05-26,24.56,-0.41%
2016-05-25,24.66,2.71%
2016-05-24,24.01,0.29%
2016-05-23,23.94,0.21%
2016-05-20,23.89,0.80%
2016-05-19,23.7,0.04%
2016-05-18,23.69,-1.46%
2016-05-17,24.04,1.18%
2016-05-16,23.76,1.71%
2016-05-13,23.36,-1.43%
2016-05-12,23.7,0.51%
2016-05-11,23.58,0.99%
2016-05-10,23.35,3.14%
2016-05-09,22.64,-1.57%
2016-05-06,23.0,-0.90%
2016-05-05,23.21,1.58%
2016-05-04,22.85,-1.55%
2016-05-03,23.21,-3.85%
2016-05-02,24.14,-0.66%
2016-04-29,24.3,0.21%
2016-04-28,24.25,-2.61%
2016-04-27,24.9,3.11%
2016-04-26,24.15,2.99%
2016-04-25,23.45,-1.88%
2016-04-22,23.9,3.02%
2016-04-21,23.2,-1.07%
2016-04-20,23.45,1.30%
2016-04-19,23.15,2.89%
2016-04-18,22.5,1.58%
2016-04-15,22.15,-1.12%
2016-04-14,22.4,0.67%
2016-04-13,22.25,-1.11%
2016-04-12,22.5,5.63%
2016-04-11,21.3,0.00%
2016-04-08,21.3,3.40%
2016-04-07,20.6,0.24%
2016-04-06,20.55,3.27%
2016-04-05,19.9,-0.50%
2016-04-04,20.0,-1.48%
2016-04-01,20.3,-1.46%
2016-03-31,20.6,0.98%
2016-03-30,20.4,0.99%
2016-03-29,20.2,1.25%
2016-03-28,19.95,-0.99%
2016-03-24,20.15,0.75%
2016-03-23,20.0,-4.76%
2016-03-22,21.0,0.00%
2016-03-21,21.0,-1.41%
2016-03-18,21.3,-4.05%
2016-03-17,22.2,0.23%
2016-03-16,22.15,4.48%
2016-03-15,21.2,-0.93%
2016-03-14,21.4,-2.51%
2016-03-11,21.95,4.03%
2016-03-10,21.1,-1.63%
2016-03-09,21.45,4.89%
2016-03-08,20.45,-13.71%
2016-03-07,23.7,10.75%
2016-03-04,21.4,6.73%
2016-03-03,20.05,7.80%
2016-03-02,18.6,9.09%
2016-03-01,17.05,1.79%
2016-02-29,16.75,-1.76%
2016-02-26,17.05,3.02%
2016-02-25,16.55,-2.07%
2016-02-24,16.9,4.64%
2016-02-23,16.15,-8.24%
2016-02-22,17.6,4.76%
2016-02-19,16.8,-2.61%
2016-02-18,17.25,-6.50%
2016-02-17,18.45,7.27%
2016-02-16,17.2,-2.27%
2016-02-12,17.6,2.92%
2016-02-11,17.1,-2.01%
2016-02-10,17.45,-1.13%
2016-02-09,17.65,-4.85%
2016-02-08,18.55,-3.64%
2016-02-05,19.25,-3.75%
2016-02-04,20.0,-1.48%
2016-02-03,20.3,8.56%
2016-02-02,18.7,-6.27%
2016-02-01,19.95,-5.00%
2016-01-29,21.0,4.22%
2016-01-28,20.15,5.50%
2016-01-27,19.1,0.00%
2016-01-26,19.1,11.05%
2016-01-25,17.2,-10.65%
2016-01-22,19.25,5.19%
2016-01-21,18.3,9.25%
2016-01-20,16.75,5.35%
2016-01-19,15.9,-8.62%
2016-01-15,17.4,-4.40%
2016-01-14,18.2,3.70%
2016-01-13,17.55,-2.23%
2016-01-12,17.95,-4.01%
2016-01-11,18.7,-6.50%
2016-01-08,20.0,3.09%
2016-01-07,19.4,-4.43%
2016-01-06,20.3,-8.97%
2016-01-05,22.3,-0.89%
2016-01-04,22.5,0.90%
2015-12-31,22.3,5.94%
2015-12-30,21.05,-6.03%
2015-12-29,22.4,2.52%
2015-12-28,21.85,-3.96%
2015-12-24,22.75,-0.87%
2015-12-23,22.95,10.87%
2015-12-22,20.7,0.00%
2015-12-21,20.7,-0.24%
2015-12-18,20.75,-1.19%
2015-12-17,21.0,-2.10%
2015-12-16,21.45,-2.72%
2015-12-15,22.05,2.08%
2015-12-14,21.6,-4.64%
2015-12-11,22.65,-6.21%
2015-12-10,24.15,1.05%
2015-12-09,23.9,1.06%
2015-12-08,23.65,0.64%
2015-12-07,23.5,-8.91%
2015-12-04,25.8,-5.49%
2015-12-03,27.3,-0.73%
2015-12-02,27.5,-4.84%
2015-12-01,28.9,0.00%
2015-11-30,28.9,1.76%
2015-11-27,28.4,-4.05%
2015-11-25,29.6,-1.17%
2015-11-24,29.95,5.46%
2015-11-23,28.4,0.00%
2015-11-20,28.4,-3.89%
2015-11-19,29.55,-3.43%
2015-11-18,30.6,1.66%
2015-11-17,30.1,-3.68%
2015-11-16,31.25,4.87%
2015-11-13,29.8,3.11%
2015-11-12,28.9,-3.67%
2015-11-11,30.0,-5.51%
2015-11-10,31.75,-1.70%
2015-11-09,32.3,0.00%
2015-11-06,32.3,-1.22%
2015-11-05,32.7,0.93%
2015-11-04,32.4,0.00%
2015-11-03,32.4,3.68%
2015-11-02,31.25,2.46%
2015-10-30,30.5,0.99%
2015-10-29,30.2,0.83%
2015-10-28,29.95,2.22%
2015-10-27,29.3,-2.01%
2015-10-26,29.9,-6.27%
2015-10-23,31.9,-1.39%
2015-10-22,32.35,-1.07%
2015-10-21,32.7,-4.53%
2015-10-20,34.25,3.79%
2015-10-19,33.0,-4.76%
2015-10-16,34.65,0.00%
2015-10-15,34.65,3.74%
2015-10-14,33.4,1.21%
2015-10-13,33.0,-2.37%
2015-10-12,33.8,-6.50%
2015-10-09,36.15,-1.77%
2015-10-08,36.8,3.08%
2015-10-07,35.7,1.13%
2015-10-06,35.3,7.62%
2015-10-05,32.8,7.89%
2015-10-02,30.4,7.80%
2015-10-01,28.2,0.36%
2015-09-30,28.1,2.74%
2015-09-29,27.35,-0.73%
2015-09-28,27.55,-5.81%
2015-09-25,29.25,-3.31%
2015-09-24,30.25,1.51%
2015-09-23,29.8,-5.10%
2015-09-22,31.4,-2.33%
2015-09-21,32.15,-0.92%
2015-09-18,32.45,-3.42%
2015-09-17,33.6,-1.18%
2015-09-16,34.0,7.59%
2015-09-15,31.6,1.28%
2015-09-14,31.2,-1.58%
2015-09-11,31.7,-2.61%
2015-09-10,32.55,0.62%
2015-09-09,32.35,-2.56%
2015-09-08,33.2,0.15%
2015-09-04,33.15,-3.07%
2015-09-03,34.2,1.48%
2015-09-02,33.7,0.90%
2015-09-01,33.4,-4.57%
2015-08-31,35.0,2.34%
2015-08-28,34.2,2.24%
2015-08-27,33.45,11.50%
2015-08-26,30.0,3.45%
2015-08-25,29.0,-1.19%
2015-08-24,29.35,-6.23%
2015-08-21,31.3,-2.64%
2015-08-20,32.15,-2.43%
2015-08-19,32.95,-4.91%
2015-08-18,34.65,-0.14%
2015-08-17,34.7,-0.86%
2015-08-14,35.0,0.43%
2015-08-13,34.85,-4.26%
2015-08-12,36.4,4.45%
2015-08-11,34.85,-1.69%
2015-08-10,35.45,8.08%
2015-08-07,32.8,-1.94%
2015-08-06,33.45,5.19%
2015-08-05,31.8,-2.60%
2015-08-04,32.65,-0.46%
2015-08-03,32.8,-4.23%
2015-07-31,34.25,-2.97%
2015-07-30,35.3,-3.55%
2015-07-29,36.6,3.24%
2015-07-28,35.45,4.42%
2015-07-27,33.95,-3.28%
2015-07-24,35.1,-4.36%
2015-07-23,36.7,0.27%
2015-07-22,36.6,-3.17%
2015-07-21,37.8,1.75%
2015-07-20,37.15,-5.59%
2015-07-17,39.35,-4.14%
2015-07-16,41.05,-1.56%
2015-07-15,41.7,-3.81%
2015-07-14,43.35,3.83%
2015-07-13,41.75,-0.36%
2015-07-10,41.9,-1.99%
2015-07-09,42.75,1.91%
2015-07-08,41.95,-3.89%
2015-07-07,43.65,2.46%
2015-07-06,42.6,-3.84%
2015-07-02,44.3,-1.34%
2015-07-01,44.9,-4.97%
2015-06-30,47.25,0.96%
2015-06-29,46.8,-3.90%
2015-06-26,48.7,-0.61%
2015-06-25,49.0,-1.21%
2015-06-24,49.6,-1.49%
2015-06-23,50.35,2.13%
2015-06-22,49.3,-0.50%
2015-06-19,49.55,-0.60%
2015-06-18,49.85,-1.77%
2015-06-17,50.75,-1.26%
2015-06-16,51.4,1.28%
2015-06-15,50.75,-0.29%
2015-06-12,50.9,-1.45%
2015-06-11,51.65,-1.62%
2015-06-10,52.5,1.45%
2015-06-09,51.75,0.19%
2015-06-08,51.65,-0.58%
2015-06-05,51.95,0.78%
2015-06-04,51.55,-1.43%
2015-06-03,52.3,-1.23%
2015-06-02,52.95,2.02%
2015-06-01,51.9,-0.86%
2015-05-29,52.35,-0.38%
2015-05-28,52.55,-1.78%
2015-05-27,53.5,0.09%
2015-05-26,53.45,-2.46%
2015-05-22,54.8,-0.54%
2015-05-21,55.1,2.61%
2015-05-20,53.7,0.09%
2015-05-19,53.65,-3.33%
2015-05-18,55.5,-0.89%
2015-05-15,56.0,0.00%
2015-05-14,56.0,-1.67%
2015-05-13,56.95,-1.39%
2015-05-12,57.75,1.32%
2015-05-11,57.0,-2.15%
2015-05-08,58.25,2.19%
2015-05-07,57.0,-2.40%
2015-05-06,58.4,-0.68%
2015-05-05,58.8,-1.84%
2015-05-04,59.9,-0.58%
2015-05-01,60.25,-0.74%
2015-04-30,60.7,1.25%
2015-04-29,59.95,2.65%
2015-04-28,58.4,1.04%
2015-04-27,57.8,-0.94%
2015-04-24,58.35,-0.93%
2015-04-23,58.9,1.20%
2015-04-22,58.2,-0.09%
2015-04-21,58.25,-3.24%
2015-04-20,60.2,0.08%
2015-04-17,60.15,-1.31%
2015-04-16,60.95,-0.73%
2015-04-15,61.4,3.98%
2015-04-14,59.05,4.05%
2015-04-13,56.75,-0.26%
2015-04-10,56.9,0.44%
2015-04-09,56.65,2.26%
2015-04-08,55.4,-3.06%
2015-04-07,57.15,1.42%
2015-04-06,56.35,2.83%
2015-04-02,54.8,2.05%
2015-04-01,53.7,1.03%
2015-03-31,53.15,0.38%
2015-03-30,52.95,1.73%
2015-03-27,52.05,-2.62%
2015-03-26,53.45,0.56%
2015-03-25,53.15,2.02%
2015-03-24,52.1,2.16%
2015-03-23,51.0,-0.49%
2015-03-20,51.25,1.18%
2015-03-19,50.65,-3.52%
2015-03-18,52.5,4.69%
2015-03-17,50.15,-0.69%
2015-03-16,50.5,0.10%
2015-03-13,50.45,-0.79%
2015-03-12,50.85,-1.45%
2015-03-11,51.6,1.38%
2015-03-10,50.9,-2.30%
2015-03-09,52.1,-3.34%
2015-03-06,53.9,-2.53%
2015-03-05,55.3,-1.78%
2015-03-04,56.3,0.45%
2015-03-03,56.05,1.08%
2015-03-02,55.45,-1.16%
2015-02-27,56.1,-1.15%
2015-02-26,56.75,-4.06%
2015-02-25,59.15,2.25%
2015-02-24,57.85,0.43%
2015-02-23,57.6,-1.62%
2015-02-20,58.55,-0.51%
2015-02-19,58.85,0.43%
2015-02-18,58.6,-1.84%
2015-02-17,59.7,1.96%
2015-02-13,58.55,3.17%
2015-02-12,56.75,2.07%
2015-02-11,55.6,-0.27%
2015-02-10,55.75,-1.76%
2015-02-09,56.75,-0.18%
2015-02-06,56.85,0.44%
2015-02-05,56.6,2.82%
2015-02-04,55.05,-2.13%
2015-02-03,56.25,6.13%
2015-02-02,53.0,5.68%
2015-01-30,50.15,1.62%
2015-01-29,49.35,-0.10%
2015-01-28,49.4,-5.99%
2015-01-27,52.55,1.25%
2015-01-26,51.9,2.27%
2015-01-23,50.75,-0.39%
2015-01-22,50.95,-0.29%
2015-01-21,51.1,3.02%
2015-01-20,49.6,-2.65%
2015-01-16,50.95,4.73%
2015-01-15,48.65,-2.31%
2015-01-14,49.8,2.15%
2015-01-13,48.75,-1.02%
2015-01-12,49.25,-4.55%
2015-01-09,51.6,0.29%
2015-01-08,51.45,2.49%
2015-01-07,50.2,-1.86%
2015-01-06,51.15,-2.48%
2015-01-05,52.45,-6.67%
2015-01-02,56.2,0.27%
2014-12-31,56.05,-0.36%
2014-12-30,56.25,-2.00%
2014-12-29,57.4,0.53%
2014-12-26,57.1,-1.13%
2014-12-24,57.75,-1.53%
2014-12-23,58.65,1.47%
2014-12-22,57.8,-3.99%
2014-12-19,60.2,4.15%
2014-12-18,57.8,0.52%
2014-12-17,57.5,8.29%
2014-12-16,53.1,4.53%
2014-12-15,50.8,-2.12%
2014-12-12,51.9,-0.86%
2014-12-11,52.35,-1.32%
2014-12-10,53.05,-5.18%
2014-12-09,55.95,4.29%
2014-12-08,53.65,-7.82%
2014-12-05,58.2,-1.77%
2014-12-04,59.25,-3.58%
2014-12-03,61.45,1.32%
2014-12-02,60.65,-1.78%
2014-12-01,61.75,-1.75%
2014-11-28,62.85,-13.85%
2014-11-26,72.95,-3.12%
2014-11-25,75.3,-2.14%
2014-11-24,76.95,-1.60%
2014-11-21,78.2,1.89%
2014-11-20,76.75,3.79%
2014-11-19,73.95,0.61%
2014-11-18,73.5,0.48%
2014-11-17,73.15,-2.60%
2014-11-14,75.1,2.46%
2014-11-13,73.3,-2.20%
2014-11-12,74.95,-1.45%
2014-11-11,76.05,1.13%
2014-11-10,75.2,-3.59%
2014-11-07,78.0,5.83%
2014-11-06,73.7,0.96%
2014-11-05,73.0,4.14%
2014-11-04,70.1,-4.04%
2014-11-03,73.05,-2.66%
2014-10-31,75.05,2.53%
2014-10-30,73.2,-3.37%
2014-10-29,75.75,1.00%
2014-10-28,75.0,4.24%
2014-10-27,71.95,-3.87%
2014-10-24,74.85,-2.03%
2014-10-23,76.4,3.10%
2014-10-22,74.1,-5.30%
2014-10-21,78.25,4.19%
2014-10-20,75.1,1.97%
2014-10-17,73.65,-1.93%
2014-10-16,75.1,3.44%
2014-10-15,72.6,4.46%
2014-10-14,69.5,-0.29%
2014-10-13,69.7,-6.51%
2014-10-10,74.55,-2.49%
2014-10-09,76.45,-5.91%
2014-10-08,81.25,0.49%
2014-10-07,80.85,-3.52%
2014-10-06,83.8,-0.48%
2014-10-03,84.2,-1.46%
2014-10-02,85.45,-1.21%
2014-10-01,86.5,-3.30%
2014-09-30,89.45,-2.40%
2014-09-29,91.65,0.49%
2014-09-26,91.2,-0.22%
2014-09-25,91.4,-2.35%
2014-09-24,93.6,0.70%
2014-09-23,92.95,-0.11%
2014-09-22,93.05,-3.67%
2014-09-19,96.6,-1.08%
2014-09-18,97.65,-1.56%
2014-09-17,99.2,0.10%
2014-09-16,99.1,1.48%
2014-09-15,97.65,0.57%
2014-09-12,97.1,-2.07%
2014-09-11,99.15,-0.10%
2014-09-10,99.25,-0.10%
2014-09-09,99.35,-0.70%
2014-09-08,100.05,-1.72%
2014-09-05,101.8,0.49%
2014-09-04,101.3,-2.13%
2014-09-03,103.5,-0.43%
2014-09-02,103.95,-1.89%
2014-08-29,105.95,1.39%
2014-08-28,104.5,0.34%
2014-08-27,104.15,-0.24%
2014-08-26,104.4,0.77%
2014-08-25,103.6,1.67%
2014-08-22,101.9,-0.78%
2014-08-21,102.7,0.83%
2014-08-20,101.85,0.05%
2014-08-19,101.8,1.14%
2014-08-18,100.65,0.10%
2014-08-15,100.55,1.62%
2014-08-14,98.95,-1.00%
2014-08-13,99.95,-0.35%
2014-08-12,100.3,-2.43%
2014-08-11,102.8,-0.63%
2014-08-08,103.45,2.73%
2014-08-07,100.7,-1.08%
2014-08-06,101.8,0.20%
2014-08-05,101.6,-2.73%
2014-08-04,104.45,2.05%
2014-08-01,102.35,-1.35%
2014-07-31,103.75,-2.35%
2014-07-30,106.25,-1.30%
2014-07-29,107.65,0.70%
2014-07-28,106.9,-1.43%
2014-07-25,108.45,-1.72%
2014-07-24,110.35,0.00%
2014-07-23,110.35,1.33%
2014-07-22,108.9,0.37%
2014-07-21,108.5,-0.50%
2014-07-18,109.05,1.02%
2014-07-17,107.95,-2.66%
2014-07-16,110.9,1.28%
2014-07-15,109.5,-1.71%
2014-07-14,111.4,1.09%
2014-07-11,110.2,-2.17%
2014-07-10,112.65,-1.44%
2014-07-09,114.3,0.70%
2014-07-08,113.5,0.31%
2014-07-07,113.15,-2.75%
2014-07-03,116.35,-0.13%
2014-07-02,116.5,-0.55%
2014-07-01,117.15,-0.72%
2014-06-30,118.0,0.77%
2014-06-27,117.1,0.21%
2014-06-26,116.85,-0.26%
2014-06-25,117.15,2.00%
2014-06-24,114.85,-3.81%
2014-06-23,119.4,-0.42%
2014-06-20,119.9,0.76%
2014-06-19,119.0,0.46%
2014-06-18,118.45,1.15%
2014-06-17,117.1,0.52%
2014-06-16,116.5,-0.43%
2014-06-13,117.0,1.39%
2014-06-12,115.4,1.36%
2014-06-11,113.85,0.71%
2014-06-10,113.05,-0.66%
2014-06-09,113.8,0.57%
2014-06-06,113.15,0.04%
2014-06-05,113.1,0.71%
2014-06-04,112.3,0.22%
2014-06-03,112.05,0.81%
2014-06-02,111.15,-1.33%
2014-05-30,112.65,-0.75%
2014-05-29,113.5,1.66%
2014-05-28,111.65,1.32%
2014-05-27,110.2,1.66%
2014-05-23,108.4,-1.00%
2014-05-22,109.5,-1.08%
2014-05-21,110.7,2.07%
2014-05-20,108.45,-0.37%
2014-05-19,108.85,0.55%
2014-05-16,108.25,-0.51%
2014-05-15,108.8,-0.68%
2014-05-14,109.55,-0.81%
2014-05-13,110.45,0.36%
2014-05-12,110.05,0.59%
2014-05-09,109.4,-0.27%
2014-05-08,109.7,-2.92%
2014-05-07,113.0,1.62%
2014-05-06,111.2,0.14%
2014-05-05,111.05,-0.45%
2014-05-02,111.55,0.36%
2014-05-01,111.15,-1.64%
2014-04-30,113.0,0.13%
2014-04-29,112.85,1.39%
2014-04-28,111.3,-0.04%
2014-04-25,111.35,-1.72%
2014-04-24,113.3,0.27%
2014-04-23,113.0,0.44%
2014-04-22,112.5,-0.13%
2014-04-21,112.65,0.45%
2014-04-17,112.15,1.63%
2014-04-16,110.35,1.38%
2014-04-15,108.85,1.44%
2014-04-14,107.3,2.53%
2014-04-11,104.65,-0.66%
2014-04-10,105.35,-1.17%
2014-04-09,106.6,-0.05%
2014-04-08,106.65,2.40%
2014-04-07,104.15,-1.75%
2014-04-04,106.0,-0.70%
2014-04-03,106.75,1.18%
2014-04-02,105.5,2.13%
2014-04-01,103.3,-0.19%
2014-03-31,103.5,0.15%
2014-03-28,103.35,1.47%
2014-03-27,101.85,2.67%
2014-03-26,99.2,-0.90%
2014-03-25,100.1,0.30%
2014-03-24,99.8,-0.75%
2014-03-21,100.55,0.90%
2014-03-20,99.65,1.12%
2014-03-19,98.55,-0.25%
2014-03-18,98.8,2.22%
2014-03-17,96.65,0.00%
2014-03-14,96.65,0.83%
2014-03-13,95.85,-1.34%
2014-03-12,97.15,-0.26%
2014-03-11,97.4,-1.62%
2014-03-10,99.0,-0.25%
2014-03-07,99.25,0.15%
2014-03-06,99.1,0.35%
2014-03-05,98.75,-1.40%
2014-03-04,100.15,1.42%
2014-03-03,98.75,-0.45%
2014-02-28,99.2,0.81%
2014-02-27,98.4,0.00%
2014-02-26,98.4,-2.24%
2014-02-25,100.65,-1.13%
2014-02-24,101.8,1.60%
2014-02-21,100.2,-0.55%
2014-02-20,100.75,-0.74%
2014-02-19,101.5,0.25%
2014-02-18,101.25,1.30%
2014-02-14,99.95,0.55%
2014-02-13,99.4,1.07%
2014-02-12,98.35,0.82%
2014-02-11,97.55,0.98%
2014-02-10,96.6,-0.67%
2014-02-07,97.25,0.41%
2014-02-06,96.85,0.78%
2014-02-05,96.1,-1.49%
2014-02-04,97.55,2.85%
2014-02-03,94.85,-2.52%
2014-01-31,97.3,-0.43%
2014-01-30,97.72,-0.03%
2014-01-29,97.75,-0.56%
2014-01-28,98.3,1.76%
2014-01-27,96.6,-2.13%
2014-01-24,98.7,-1.10%
2014-01-23,99.8,-1.19%
2014-01-22,101.0,2.54%
2014-01-21,98.5,2.76%
2014-01-17,95.85,-0.88%
2014-01-16,96.7,1.68%
2014-01-15,95.1,-0.21%
2014-01-14,95.3,2.25%
2014-01-13,93.2,-2.51%
2014-01-10,95.6,0.47%
2014-01-09,95.15,-1.19%
2014-01-08,96.3,0.26%
2014-01-07,96.05,1.05%
2014-01-06,95.05,-0.73%
2014-01-03,95.75,-0.62%
2014-01-02,96.35,-1.18%
2013-12-31,97.5,0.36%
2013-12-30,97.15,-1.07%
2013-12-27,98.2,0.82%
2013-12-26,97.4,-1.02%
2013-12-24,98.4,0.82%
2013-12-23,97.6,0.93%
2013-12-20,96.7,1.26%
2013-12-19,95.5,1.81%
2013-12-18,93.8,-0.05%
2013-12-17,93.85,-0.42%
2013-12-16,94.25,-0.37%
2013-12-13,94.6,-0.58%
2013-12-12,95.15,1.28%
2013-12-11,93.95,-2.39%
2013-12-10,96.25,-0.21%
2013-12-09,96.45,0.00%
2013-12-06,96.45,-2.23%
2013-12-05,98.65,0.61%
2013-12-04,98.05,-0.36%
2013-12-03,98.4,0.10%
2013-12-02,98.3,0.10%
2013-11-29,98.2,0.05%
2013-11-27,98.15,-1.55%
2013-11-26,99.7,0.45%
2013-11-25,99.25,-0.90%
2013-11-22,100.15,0.45%
2013-11-21,99.7,2.73%
2013-11-20,97.05,1.20%
2013-11-19,95.9,0.42%
2013-11-18,95.5,-2.25%
2013-11-15,97.7,0.21%
2013-11-14,97.5,0.83%
2013-11-13,96.7,1.36%
2013-11-12,95.4,-1.24%
2013-11-11,96.6,0.31%
2013-11-08,96.3,2.50%
2013-11-07,93.95,-2.56%
2013-11-06,96.42,-1.99%
2013-11-05,98.38,-1.99%
2013-11-04,100.38,1.91%
2013-11-01,98.5,0.72%
2013-10-31,97.8,-0.76%
2013-10-30,98.55,-2.11%
2013-10-29,100.67,1.02%
2013-10-28,99.65,-0.80%
2013-10-25,100.45,0.35%
2013-10-24,100.1,2.04%
2013-10-23,98.1,-2.34%
2013-10-22,100.45,-0.30%
2013-10-21,100.75,-0.69%
2013-10-18,101.45,0.90%
2013-10-17,100.55,-0.61%
2013-10-16,101.17,2.92%
2013-10-15,98.3,-0.51%
2013-10-14,98.8,0.51%
2013-10-11,98.3,1.46%
2013-10-10,96.89,2.42%
2013-10-09,94.6,-0.47%
2013-10-08,95.05,-1.20%
2013-10-07,96.2,-0.77%
2013-10-04,96.95,1.25%
2013-10-03,95.75,0.16%
2013-10-02,95.6,0.16%
2013-10-01,95.45,2.03%
2013-09-30,93.55,-0.58%
2013-09-27,94.1,-0.05%
2013-09-26,94.15,0.80%
2013-09-25,93.4,0.05%
2013-09-24,93.35,0.00%
2013-09-23,93.35,0.11%
2013-09-20,93.25,-0.90%
2013-09-19,94.1,-0.58%
2013-09-18,94.65,0.96%
2013-09-17,93.75,1.24%
2013-09-16,92.6,-0.43%
2013-09-13,93.0,0.49%
2013-09-12,92.55,0.82%
2013-09-11,91.8,1.60%
2013-09-10,90.35,-0.77%
2013-09-09,91.05,1.56%
2013-09-06,89.65,1.07%
2013-09-05,88.7,0.74%
2013-09-04,88.05,0.74%
2013-09-03,87.4,0.52%
2013-08-30,86.95,0.17%
2013-08-29,86.8,-0.91%
2013-08-28,87.6,1.10%
2013-08-27,86.65,-0.86%
2013-08-26,87.4,0.58%
2013-08-23,86.9,0.52%
2013-08-22,86.45,1.77%
2013-08-21,84.95,-1.28%
2013-08-20,86.05,1.41%
2013-08-19,84.85,-2.64%
2013-08-16,87.15,0.35%
2013-08-15,86.85,0.35%
2013-08-14,86.55,-0.57%
2013-08-13,87.05,0.52%
2013-08-12,86.6,-0.57%
2013-08-09,87.1,-0.23%
2013-08-08,87.3,1.22%
2013-08-07,86.25,-1.43%
2013-08-06,87.5,-1.07%
2013-08-05,88.45,0.34%
2013-08-02,88.15,-0.06%
2013-08-01,88.2,1.85%
2013-07-31,86.6,0.64%
2013-07-30,86.05,0.00%
2013-07-29,86.05,-1.09%
2013-07-26,87.0,-0.23%
2013-07-25,87.2,1.45%
2013-07-24,85.95,-1.21%
2013-07-23,87.0,0.12%
2013-07-22,86.9,-0.57%
2013-07-19,87.4,0.75%
2013-07-18,86.75,2.72%
2013-07-17,84.45,0.54%
2013-07-16,84.0,0.36%
2013-07-15,83.7,-0.48%
2013-07-12,84.1,-0.06%
2013-07-11,84.15,0.36%
2013-07-10,83.85,0.72%
2013-07-09,83.25,1.09%
2013-07-08,82.35,0.43%
2013-07-05,82.0,0.99%
2013-07-03,81.2,0.12%
2013-07-02,81.1,0.56%
2013-07-01,80.65,0.31%
2013-06-28,80.4,-0.56%
2013-06-27,80.85,-0.25%
2013-06-26,81.05,0.56%
2013-06-25,80.6,1.58%
2013-06-24,79.35,-1.31%
2013-06-21,80.4,0.06%
2013-06-20,80.35,-4.23%
2013-06-19,83.9,-0.89%
2013-06-18,84.65,0.77%
2013-06-17,84.0,1.76%
2013-06-14,82.55,-1.55%
2013-06-13,83.85,1.21%
2013-06-12,82.85,-1.54%
2013-06-11,84.15,-2.32%
2013-06-10,86.15,0.17%
2013-06-07,86.0,2.50%
2013-06-06,83.9,0.06%
2013-06-05,83.85,-1.76%
2013-06-04,85.35,0.23%
2013-06-03,85.15,0.59%
2013-05-31,84.65,-2.14%
2013-05-30,86.5,-0.23%
2013-05-29,86.7,-0.23%
2013-05-28,86.9,0.93%
2013-05-24,86.1,-0.29%
2013-05-23,86.35,0.58%
2013-05-22,85.85,-1.77%
2013-05-21,87.4,-0.06%
2013-05-20,87.45,2.46%
2013-05-17,85.35,2.22%
2013-05-16,83.5,-1.24%
2013-05-15,84.55,-0.18%
2013-05-14,84.7,1.74%
2013-05-13,83.25,-0.42%
2013-05-10,83.6,1.21%
2013-05-09,82.6,1.04%
2013-05-08,81.75,0.00%
2013-05-07,81.75,0.18%
2013-05-06,81.6,0.55%
2013-05-03,81.15,2.08%
2013-05-02,79.5,0.44%
2013-05-01,79.15,-1.92%
2013-04-30,80.7,-0.37%
2013-04-29,81.0,1.00%
2013-04-26,80.2,-0.93%
2013-04-25,80.95,0.75%
2013-04-24,80.35,2.36%
2013-04-23,78.5,0.32%
2013-04-22,78.25,0.26%
2013-04-19,78.05,-1.20%
2013-04-18,79.0,1.94%
2013-04-17,77.5,-3.00%
2013-04-16,79.9,1.33%
2013-04-15,78.85,-6.08%
2013-04-12,83.95,-1.93%
2013-04-11,85.6,0.29%
2013-04-10,85.35,1.07%
2013-04-09,84.45,1.62%
2013-04-08,83.1,1.22%
2013-04-05,82.1,2.50%
2013-04-04,80.1,0.00%
2013-04-03,80.1,-2.32%
2013-04-02,82.0,-1.56%
2013-04-01,83.3,-0.95%
2013-03-28,84.1,-0.47%
2013-03-27,84.5,-0.47%
2013-03-26,84.9,1.19%
2013-03-25,83.9,-0.77%
2013-03-22,84.55,-0.24%
2013-03-21,84.75,-1.22%
2013-03-20,85.8,0.00%
2013-03-19,85.8,-1.61%
2013-03-18,87.2,-0.40%
2013-03-15,87.55,-0.11%
2013-03-14,87.65,3.79%
2013-03-13,84.45,-0.18%
2013-03-12,84.6,-0.01%
2013-03-11,84.61,0.43%
2013-03-08,84.25,0.96%
2013-03-07,83.45,3.54%
2013-03-06,80.6,0.88%
2013-03-05,79.9,0.57%
2013-03-04,79.45,-0.75%
2013-03-01,80.05,-0.68%
2013-02-28,80.6,-0.19%
2013-02-27,80.75,1.57%
2013-02-26,79.5,0.44%
2013-02-25,79.15,-2.88%
2013-02-22,81.5,2.64%
2013-02-21,79.4,-0.19%
2013-02-20,79.55,-2.63%
2013-02-19,81.7,1.49%
2013-02-15,80.5,-2.48%
2013-02-14,82.55,-1.67%
2013-02-13,83.95,1.16%
2013-02-12,82.99,-0.49%
2013-02-11,83.4,-0.71%
2013-02-08,84.0,0.54%
2013-02-07,83.55,-0.48%
2013-02-06,83.95,1.88%
2013-02-05,82.4,1.48%
2013-02-04,81.2,-1.16%
2013-02-01,82.15,0.37%
2013-01-31,81.85,-0.12%
2013-01-30,81.95,0.12%
2013-01-29,81.85,1.11%
2013-01-28,80.95,-1.52%
2013-01-25,82.2,0.43%
2013-01-24,81.85,-0.43%
2013-01-23,82.2,-1.02%
2013-01-22,83.05,1.78%
2013-01-18,81.6,0.74%
2013-01-17,81.0,0.75%
2013-01-16,80.4,-0.12%
2013-01-15,80.5,0.88%
2013-01-14,79.8,-0.44%
2013-01-11,80.15,0.12%
2013-01-10,80.05,1.14%
2013-01-09,79.15,-1.68%
2013-01-08,80.5,-0.49%
2013-01-07,80.9,-0.49%
2013-01-04,81.3,1.43%
2013-01-03,80.15,0.82%
2013-01-02,79.5,1.40%
2012-12-31,78.4,2.22%
2012-12-28,76.7,-1.67%
2012-12-27,78.0,-0.70%
2012-12-26,78.55,-0.70%
2012-12-24,79.1,-1.98%
2012-12-21,80.7,-0.37%
2012-12-20,81.0,0.68%
2012-12-19,80.45,-0.62%
2012-12-18,80.95,2.60%
2012-12-17,78.9,0.83%
2012-12-14,78.25,-0.51%
2012-12-13,78.65,-1.56%
2012-12-12,79.9,0.63%
2012-12-11,79.4,0.57%
2012-12-10,78.95,-1.50%
2012-12-07,80.15,0.75%
2012-12-06,79.55,0.06%
2012-12-05,79.5,1.86%
2012-12-04,78.05,-0.95%
2012-12-03,78.8,-0.13%
2012-11-30,78.9,-0.75%
2012-11-29,79.5,0.13%
2012-11-28,79.4,0.25%
2012-11-27,79.2,-0.81%
2012-11-26,79.85,-1.48%
2012-11-23,81.05,1.50%
2012-11-21,79.85,0.50%
2012-11-20,79.45,-0.56%
2012-11-19,79.9,2.96%
2012-11-16,77.6,0.71%
2012-11-15,77.05,-0.64%
2012-11-14,77.55,-1.34%
2012-11-13,78.6,0.13%
2012-11-12,78.5,-0.51%
2012-11-09,78.9,0.06%
2012-11-08,78.85,-1.87%
2012-11-07,80.35,-4.35%
2012-11-06,84.0,0.96%
2012-11-05,83.2,0.48%
2012-11-02,82.8,-2.01%
2012-11-01,84.5,1.26%
2012-10-31,83.45,-0.83%
2012-10-26,84.15,0.36%
2012-10-25,83.85,0.60%
2012-10-24,83.35,-2.17%
2012-10-23,85.2,-2.35%
2012-10-22,87.25,-1.58%
2012-10-19,88.65,-1.83%
2012-10-18,90.3,0.00%
2012-10-17,90.3,1.35%
2012-10-16,89.1,1.42%
2012-10-15,87.85,-0.28%
2012-10-12,88.1,-0.73%
2012-10-11,88.75,1.84%
2012-10-10,87.15,-1.25%
2012-10-09,88.25,1.32%
2012-10-08,87.1,0.11%
2012-10-05,87.0,-1.08%
2012-10-04,87.95,1.44%
2012-10-03,86.7,-2.14%
2012-10-02,88.6,0.74%
2012-10-01,87.95,1.15%
2012-09-28,86.95,-0.63%
2012-09-27,87.5,2.70%
2012-09-26,85.2,-0.99%
2012-09-25,86.05,-1.77%
2012-09-24,87.6,-0.88%
2012-09-21,88.38,0.37%
2012-09-20,88.05,-0.40%
2012-09-19,88.4,-0.67%
2012-09-18,89.0,-2.04%
2012-09-17,90.85,-2.05%
2012-09-14,92.75,2.32%
2012-09-13,90.65,2.31%
2012-09-12,88.6,0.74%
2012-09-11,87.95,2.51%
2012-09-10,85.8,-0.64%
2012-09-07,86.35,2.49%
2012-09-06,84.25,2.81%
2012-09-05,81.95,0.15%
2012-09-04,81.83,-0.27%
2012-08-31,82.05,1.11%
2012-08-30,81.15,-1.76%
2012-08-29,82.6,-0.90%
2012-08-28,83.35,0.48%
2012-08-27,82.95,-0.06%
2012-08-24,83.0,0.97%
2012-08-23,82.2,-3.07%
2012-08-22,84.8,0.24%
2012-08-21,84.6,-0.18%
2012-08-20,84.75,-0.70%
2012-08-17,85.35,-0.29%
2012-08-16,85.6,1.66%
2012-08-15,84.2,0.54%
2012-08-14,83.75,0.42%
2012-08-13,83.4,-1.77%
2012-08-10,84.9,-0.53%
2012-08-09,85.35,1.67%
2012-08-08,83.95,-0.12%
2012-08-07,84.05,3.57%
2012-08-06,81.15,0.93%
2012-08-03,80.4,2.47%
2012-08-02,78.46,-4.78%
2012-08-01,82.4,0.24%
2012-07-31,82.2,-2.20%
2012-07-30,84.05,1.51%
2012-07-27,82.8,2.48%
2012-07-26,80.8,2.41%
2012-07-25,78.9,-0.88%
2012-07-24,79.6,-2.39%
2012-07-23,81.55,-1.21%
2012-07-20,82.55,0.00%
2012-07-19,82.55,0.79%
2012-07-18,81.9,0.55%
2012-07-17,81.45,1.43%
2012-07-16,80.3,0.31%
2012-07-13,80.05,1.97%
2012-07-12,78.5,-1.57%
2012-07-11,79.75,1.40%
2012-07-10,78.65,-3.67%
2012-07-09,81.65,0.06%
2012-07-06,81.6,-1.39%
2012-07-05,82.75,-1.66%
2012-07-03,84.15,3.31%
2012-07-02,81.45,-0.79%
2012-06-29,82.1,3.66%
2012-06-28,79.2,1.41%
2012-06-27,78.1,5.26%
2012-06-26,74.2,1.30%
2012-06-25,73.25,-2.40%
2012-06-22,75.05,2.39%
2012-06-21,73.3,-5.42%
2012-06-20,77.5,-1.27%
2012-06-19,78.5,2.28%
2012-06-18,76.75,-0.26%
2012-06-15,76.95,3.01%
2012-06-14,74.7,2.82%
2012-06-13,72.65,-2.29%
2012-06-12,74.35,1.71%
2012-06-11,73.1,-2.86%
2012-06-08,75.25,-0.41%
2012-06-07,75.56,-1.23%
2012-06-06,76.5,3.94%
2012-06-05,73.6,2.01%
2012-06-04,72.15,-0.82%
2012-06-01,72.75,-4.90%
2012-05-31,76.5,0.20%
2012-05-30,76.35,-4.08%
2012-05-29,79.6,2.71%
2012-05-25,77.5,0.45%
2012-05-24,77.15,-1.91%
2012-05-23,78.65,1.22%
2012-05-22,77.7,-1.08%
2012-05-21,78.55,4.04%
2012-05-18,75.5,-0.46%
2012-05-17,75.85,-1.81%
2012-05-16,77.25,-0.77%
2012-05-15,77.85,-3.71%
2012-05-14,80.85,-2.30%
2012-05-11,82.75,-1.49%
2012-05-10,84.0,-0.88%
2012-05-09,84.75,1.01%
2012-05-08,83.9,0.72%
2012-05-07,83.3,0.54%
2012-05-04,82.85,-2.07%
2012-05-03,84.6,-1.91%
2012-05-02,86.25,-3.85%
2012-05-01,89.7,0.90%
2012-04-30,88.9,1.43%
2012-04-27,87.65,1.21%
2012-04-26,86.6,2.49%
2012-04-25,84.5,2.74%
2012-04-24,82.25,0.80%
2012-04-23,81.6,0.18%
2012-04-20,81.45,-1.39%
2012-04-19,82.6,0.85%
2012-04-18,81.9,-1.68%
2012-04-17,83.3,2.08%
2012-04-16,81.6,-1.39%
2012-04-13,82.75,-2.24%
2012-04-12,84.65,3.61%
2012-04-11,81.7,-1.39%
2012-04-10,82.85,-2.24%
2012-04-09,84.75,-1.68%
2012-04-05,86.2,-0.98%
2012-04-04,87.05,-2.14%
2012-04-03,88.95,-1.22%
2012-04-02,90.05,1.92%
2012-03-30,88.35,0.17%
2012-03-29,88.2,-0.84%
2012-03-28,88.95,-2.09%
2012-03-27,90.85,-1.30%
2012-03-26,92.05,0.27%
2012-03-23,91.8,1.89%
2012-03-22,90.1,-3.73%
2012-03-21,93.59,-0.59%
2012-03-20,94.15,-2.28%
2012-03-19,96.35,1.10%
2012-03-16,95.3,1.65%
2012-03-15,93.75,1.08%
2012-03-14,92.75,-1.28%
2012-03-13,93.95,1.79%
2012-03-12,92.3,-1.44%
2012-03-09,93.65,0.05%
2012-03-08,93.6,1.57%
2012-03-07,92.15,1.10%
2012-03-06,91.15,-1.94%
2012-03-05,92.95,-1.12%
2012-03-02,94.0,-2.29%
2012-03-01,96.2,1.16%
2012-02-29,95.1,-1.36%
2012-02-28,96.41,-0.35%
2012-02-27,96.75,-0.77%
2012-02-24,97.5,0.26%
2012-02-23,97.25,2.10%
2012-02-22,95.25,-1.09%
2012-02-21,96.3,-0.05%
2012-02-17,96.35,0.84%
2012-02-16,95.55,1.49%
2012-02-15,94.15,1.78%
2012-02-14,92.5,1.15%
2012-02-13,91.45,1.39%
2012-02-10,90.2,-1.31%
2012-02-09,91.4,0.33%
2012-02-08,91.1,-0.11%
2012-02-07,91.2,0.83%
2012-02-06,90.45,1.74%
2012-02-03,88.9,1.37%
2012-02-02,87.7,0.92%
2012-02-01,86.9,-0.63%
2012-01-31,87.45,-1.22%
2012-01-30,88.53,-0.47%
2012-01-27,88.95,0.51%
2012-01-26,88.5,-3.33%
2012-01-25,91.55,2.92%
2012-01-24,88.95,-1.17%
2012-01-23,90.0,4.29%
2012-01-20,86.3,-0.69%
2012-01-19,86.9,-1.36%
2012-01-18,88.1,1.38%
2012-01-17,86.9,0.06%
2012-01-13,86.85,-1.81%
2012-01-12,88.45,-1.94%
2012-01-11,90.2,-3.58%
2012-01-10,93.55,0.38%
2012-01-09,93.2,-0.05%
2012-01-06,93.25,-1.17%
2012-01-05,94.35,-0.10%
2012-01-04,94.44,0.41%
2012-01-03,94.05,3.41%
2011-12-30,90.95,-0.11%
2011-12-29,91.05,1.28%
2011-12-28,89.9,-2.07%
2011-12-27,91.8,-0.05%
2011-12-23,91.85,0.05%
2011-12-22,91.8,2.34%
2011-12-21,89.7,0.84%
2011-12-20,88.95,3.97%
2011-12-19,85.55,-2.62%
2011-12-16,87.85,1.15%
2011-12-15,86.85,-0.34%
2011-12-14,87.15,-4.02%
2011-12-13,90.8,-2.42%
2011-12-12,93.05,-3.58%
2011-12-09,96.5,2.50%
2011-12-08,94.15,-4.12%
2011-12-07,98.2,-0.71%
2011-12-06,98.9,1.02%
2011-12-05,97.9,0.70%
2011-12-02,97.22,0.07%
2011-12-01,97.15,-0.77%
2011-11-30,97.9,5.67%
2011-11-29,92.65,2.09%
2011-11-28,90.75,5.03%
2011-11-25,86.4,-1.03%
2011-11-23,87.3,-4.12%
2011-11-22,91.05,-0.87%
2011-11-21,91.85,-2.24%
2011-11-18,93.95,0.11%
2011-11-17,93.85,-3.50%
2011-11-16,97.25,-1.37%
2011-11-15,98.6,1.02%
2011-11-14,97.6,-1.56%
2011-11-11,99.15,2.16%
2011-11-10,97.05,2.37%
2011-11-09,94.8,-5.06%
2011-11-08,99.85,1.22%
2011-11-07,98.65,-0.10%
2011-11-04,98.75,0.66%
2011-11-03,98.1,2.45%
2011-11-02,95.75,4.36%
2011-11-01,91.75,-3.06%
2011-10-31,94.65,-4.92%
2011-10-28,99.55,0.76%
2011-10-27,98.8,5.22%
2011-10-26,93.9,2.74%
2011-10-25,91.4,-3.28%
2011-10-24,94.5,1.72%
2011-10-21,92.9,2.77%
2011-10-20,90.4,-0.17%
2011-10-19,90.55,-0.93%
2011-10-18,91.4,2.99%
2011-10-17,88.75,-1.33%
2011-10-14,89.95,4.41%
2011-10-13,86.15,0.06%
2011-10-12,86.1,1.59%
2011-10-11,84.75,-0.24%
2011-10-10,84.95,5.20%
2011-10-07,80.75,-2.71%
2011-10-06,83.0,2.47%
2011-10-05,81.0,4.18%
2011-10-04,77.75,3.87%
2011-10-03,74.85,-5.37%
2011-09-30,79.1,-3.42%
2011-09-29,81.9,0.18%
2011-09-28,81.75,-5.00%
2011-09-27,86.05,2.44%
2011-09-26,84.0,3.64%
2011-09-23,81.05,-2.35%
2011-09-22,83.0,-6.69%
2011-09-21,88.95,-3.79%
2011-09-20,92.45,-0.91%
2011-09-19,93.3,-1.89%
2011-09-16,95.1,-0.58%
2011-09-15,95.65,2.37%
2011-09-14,93.44,1.51%
2011-09-13,92.05,0.99%
2011-09-12,91.15,-0.27%
2011-09-09,91.4,-3.69%
2011-09-08,94.9,-1.91%
2011-09-07,96.75,4.09%
2011-09-06,92.95,-1.54%
2011-09-02,94.4,-2.93%
2011-09-01,97.25,-0.66%
2011-08-31,97.9,0.62%
2011-08-30,97.3,1.35%
2011-08-29,96.0,3.67%
2011-08-26,92.6,2.49%
2011-08-25,90.35,-2.95%
2011-08-24,93.1,0.65%
2011-08-23,92.5,4.40%
2011-08-22,88.6,-1.77%
2011-08-19,90.2,-1.90%
2011-08-18,91.95,-6.08%
2011-08-17,97.9,0.51%
2011-08-16,97.4,-2.60%
2011-08-15,100.0,3.47%
2011-08-12,96.65,0.26%
2011-08-11,96.4,5.82%
2011-08-10,91.1,-2.77%
2011-08-09,93.7,5.58%
2011-08-08,88.75,-9.44%
2011-08-05,98.0,-2.63%
2011-08-04,100.65,-6.76%
2011-08-03,107.95,-0.60%
2011-08-02,108.6,-3.08%
2011-08-01,112.05,0.18%
2011-07-29,111.85,-0.67%
2011-07-28,112.6,-0.27%
2011-07-27,112.9,-1.83%
2011-07-26,115.0,0.04%
2011-07-25,114.95,-0.69%
2011-07-22,115.75,0.83%
2011-07-21,114.8,1.37%
2011-07-20,113.25,0.44%
2011-07-19,112.75,2.36%
2011-07-18,110.15,-0.72%
2011-07-15,110.95,6.84%
2011-07-14,103.85,-1.42%
2011-07-13,105.35,0.96%
2011-07-12,104.35,-0.05%
2011-07-11,104.4,-3.20%
2011-07-08,107.85,-1.19%
2011-07-07,109.15,0.28%
2011-07-06,108.85,-0.59%
2011-07-05,109.5,0.55%
2011-07-01,108.9,1.11%
2011-06-30,107.7,0.84%
2011-06-29,106.8,2.05%
2011-06-28,104.65,2.45%
2011-06-27,102.15,-0.10%
2011-06-24,102.25,-1.54%
2011-06-23,103.85,-0.86%
2011-06-22,104.75,-0.14%
2011-06-21,104.9,2.29%
2011-06-20,102.55,-0.34%
2011-06-17,102.9,-0.19%
2011-06-16,103.1,-0.15%
2011-06-15,103.25,-1.76%
2011-06-14,105.1,1.99%
2011-06-13,103.05,-2.51%
2011-06-10,105.7,-1.95%
2011-06-09,107.8,1.13%
2011-06-08,106.6,0.38%
2011-06-07,106.2,0.09%
2011-06-06,106.1,-2.75%
2011-06-03,109.1,-0.16%
2011-06-02,109.28,0.03%
2011-06-01,109.25,-2.32%
2011-05-31,111.85,0.72%
2011-05-27,111.05,0.54%
2011-05-26,110.45,0.78%
2011-05-25,109.6,2.00%
2011-05-24,107.45,0.84%
2011-05-23,106.55,-2.20%
2011-05-20,108.95,1.07%
2011-05-19,107.8,0.05%
2011-05-18,107.75,1.84%
2011-05-17,105.8,0.14%
2011-05-16,105.65,-0.66%
2011-05-13,106.35,-0.37%
2011-05-12,106.75,-0.38%
2011-05-11,107.16,-3.50%
2011-05-10,111.05,0.59%
2011-05-09,110.4,2.36%
2011-05-06,107.85,0.56%
2011-05-05,107.25,-2.19%
2011-05-04,109.65,-2.79%
2011-05-03,112.8,-3.26%
2011-05-02,116.6,-0.89%
2011-04-29,117.65,1.64%
2011-04-28,115.75,0.70%
2011-04-27,114.95,0.31%
2011-04-26,114.6,0.70%
2011-04-25,113.8,-0.35%
2011-04-21,114.2,0.57%
2011-04-20,113.55,2.11%
2011-04-19,111.2,0.44%
2011-04-18,110.71,-2.03%
2011-04-15,113.0,0.98%
2011-04-14,111.9,0.58%
2011-04-13,111.25,0.93%
2011-04-12,110.22,-3.32%
2011-04-11,114.0,-2.56%
2011-04-08,117.0,0.52%
2011-04-07,116.4,-0.04%
2011-04-06,116.45,-0.98%
2011-04-05,117.6,0.04%
2011-04-04,117.55,0.17%
2011-04-01,117.35,0.51%
2011-03-31,116.75,0.30%
2011-03-30,116.4,1.31%
2011-03-29,114.9,1.06%
2011-03-28,113.7,-1.43%
2011-03-25,115.35,1.76%
2011-03-24,113.35,0.53%
2011-03-23,112.75,0.00%
2011-03-22,112.75,0.18%
2011-03-21,112.55,2.27%
2011-03-18,110.05,-0.14%
2011-03-17,110.2,3.04%
2011-03-16,106.95,-0.23%
2011-03-15,107.2,-0.60%
2011-03-14,107.85,1.27%
2011-03-11,106.5,1.77%
2011-03-10,104.65,-3.68%
2011-03-09,108.65,0.05%
2011-03-08,108.6,-1.67%
2011-03-07,110.45,-0.50%
2011-03-04,111.0,0.59%
2011-03-03,110.35,0.87%
2011-03-02,109.4,-0.09%
2011-03-01,109.5,-2.62%
2011-02-28,112.45,0.76%
2011-02-25,111.6,2.76%
2011-02-24,108.6,-0.37%
2011-02-23,109.0,3.32%
2011-02-22,105.5,-1.40%
2011-02-18,107.0,0.14%
2011-02-17,106.85,0.42%
2011-02-16,106.4,1.24%
2011-02-15,105.1,-0.66%
2011-02-14,105.8,1.49%
2011-02-11,104.25,-0.05%
2011-02-10,104.3,0.58%
2011-02-09,103.7,-1.66%
2011-02-08,105.45,0.05%
2011-02-07,105.4,0.76%
2011-02-04,104.6,-0.52%
2011-02-03,105.15,-0.33%
2011-02-02,105.5,0.00%
2011-02-01,105.5,1.20%
2011-01-31,104.25,3.44%
2011-01-28,100.78,-0.42%
2011-01-27,101.2,-0.88%
2011-01-26,102.1,2.41%
2011-01-25,99.7,-1.24%
2011-01-24,100.95,0.85%
2011-01-21,100.1,0.50%
2011-01-20,99.6,-0.99%
2011-01-19,100.6,-1.76%
2011-01-18,102.4,0.59%
2011-01-14,101.8,0.99%
2011-01-13,100.8,-0.15%
2011-01-12,100.95,1.20%
2011-01-11,99.75,1.12%
2011-01-10,98.65,0.41%
2011-01-07,98.25,0.00%
2011-01-06,98.25,-0.10%
2011-01-05,98.35,0.41%
2011-01-04,97.95,-1.26%
2011-01-03,99.2,0.81%
2010-12-31,98.4,0.25%
2010-12-30,98.15,0.05%
2010-12-29,98.1,0.87%
2010-12-28,97.25,0.41%
2010-12-27,96.85,-0.36%
2010-12-23,97.2,0.00%
2010-12-22,97.2,0.41%
2010-12-21,96.8,1.36%
2010-12-20,95.5,1.11%
2010-12-17,94.45,0.16%
2010-12-16,94.3,-0.11%
2010-12-15,94.4,-0.63%
2010-12-14,95.0,-0.52%
2010-12-13,95.5,0.69%
2010-12-10,94.85,0.16%
2010-12-09,94.7,0.21%
2010-12-08,94.5,-0.94%
2010-12-07,95.4,-0.05%
2010-12-06,95.45,0.79%
2010-12-03,94.7,0.74%
2010-12-02,94.0,2.06%
2010-12-01,92.1,2.50%
2010-11-30,89.85,-0.83%
2010-11-29,90.6,0.28%
2010-11-26,90.35,-0.82%
2010-11-24,91.1,1.56%
2010-11-23,89.7,-2.34%
2010-11-22,91.85,-0.11%
2010-11-19,91.95,0.88%
2010-11-18,91.15,1.96%
2010-11-17,89.4,0.13%
2010-11-16,89.28,-2.21%
2010-11-15,91.3,-0.81%
2010-11-12,92.05,-1.92%
2010-11-11,93.85,0.59%
2010-11-10,93.3,1.58%
2010-11-09,91.85,-0.16%
2010-11-08,92.0,0.77%
2010-11-05,91.3,0.50%
2010-11-04,90.85,3.00%
2010-11-03,88.2,0.55%
2010-11-02,87.72,1.47%
2010-11-01,86.45,1.71%
2010-10-29,85.0,1.31%
2010-10-28,83.9,0.12%
2010-10-27,83.8,-0.71%
2010-10-26,84.4,-0.53%
2010-10-25,84.85,0.12%
2010-10-22,84.75,-0.18%
2010-10-21,84.9,-0.53%
2010-10-20,85.35,1.13%
2010-10-19,84.4,-3.32%
2010-10-18,87.3,1.69%
2010-10-15,85.85,-0.12%
2010-10-14,85.95,-0.23%
2010-10-13,86.15,0.76%
2010-10-12,85.5,0.00%
2010-10-11,85.5,0.23%
2010-10-08,85.3,1.73%
2010-10-07,83.85,-0.47%
2010-10-06,84.25,0.84%
2010-10-05,83.55,2.08%
2010-10-04,81.85,-1.50%
2010-10-01,83.1,1.22%
2010-09-30,82.1,0.06%
2010-09-29,82.05,1.67%
2010-09-28,80.7,0.37%
2010-09-27,80.4,0.12%
2010-09-24,80.3,2.49%
2010-09-23,78.35,-0.57%
2010-09-22,78.8,-0.57%
2010-09-21,79.25,-0.06%
2010-09-20,79.3,1.54%
2010-09-17,78.1,-0.51%
2010-09-16,78.5,-0.38%
2010-09-15,78.8,-0.57%
2010-09-14,79.25,-0.50%
2010-09-13,79.65,0.76%
2010-09-10,79.05,0.89%
2010-09-09,78.35,0.32%
2010-09-08,78.1,0.71%
2010-09-07,77.55,-2.08%
2010-09-03,79.2,1.47%
2010-09-02,78.05,1.04%
2010-09-01,77.25,3.41%
2010-08-31,74.7,-0.07%
2010-08-30,74.75,-0.93%
2010-08-27,75.45,2.65%
2010-08-26,73.5,-0.14%
2010-08-25,73.6,0.07%
2010-08-24,73.55,-2.06%
2010-08-23,75.1,0.00%
2010-08-20,75.1,-1.57%
2010-08-19,76.3,-2.37%
2010-08-18,78.15,-0.89%
2010-08-17,78.85,1.81%
2010-08-16,77.45,-0.19%
2010-08-13,77.6,-0.39%
2010-08-12,77.9,-1.20%
2010-08-11,78.85,-4.25%
2010-08-10,82.35,-0.84%
2010-08-09,83.05,0.36%
2010-08-06,82.75,-0.84%
2010-08-05,83.45,-0.24%
2010-08-04,83.65,1.89%
2010-08-03,82.1,0.12%
2010-08-02,82.0,3.14%
2010-07-30,79.5,-0.56%
2010-07-29,79.95,-0.06%
2010-07-28,80.0,-1.11%
2010-07-27,80.9,-1.04%
2010-07-26,81.75,1.36%
2010-07-23,80.65,0.62%
2010-07-22,80.15,2.49%
2010-07-21,78.2,-1.88%
2010-07-20,79.7,2.18%
2010-07-19,78.0,-0.32%
2010-07-16,78.25,-3.75%
2010-07-15,81.3,0.56%
2010-07-14,80.85,-0.06%
2010-07-13,80.9,1.31%
2010-07-12,79.85,-0.93%
2010-07-09,80.6,0.69%
2010-07-08,80.05,1.20%
2010-07-07,79.1,4.15%
2010-07-06,75.95,0.56%
2010-07-02,75.53,-0.36%
2010-07-01,75.8,-0.13%
2010-06-30,75.9,-0.98%
2010-06-29,76.65,-4.84%
2010-06-28,80.55,-1.89%
2010-06-25,82.1,1.11%
2010-06-24,81.2,-2.17%
2010-06-23,83.0,-1.25%
2010-06-22,84.05,-4.11%
2010-06-21,87.65,-1.13%
2010-06-18,88.65,-0.51%
2010-06-17,89.1,-0.83%
2010-06-16,89.85,-0.44%
2010-06-15,90.25,3.20%
2010-06-14,87.45,-0.17%
2010-06-11,87.6,0.69%
2010-06-10,87.0,5.26%
2010-06-09,82.65,-0.78%
2010-06-08,83.3,1.09%
2010-06-07,82.4,-0.90%
2010-06-04,83.15,-3.98%
2010-06-03,86.6,3.65%
2010-06-02,83.55,6.91%
2010-06-01,78.15,-5.10%
2010-05-28,82.35,-0.78%
2010-05-27,83.0,5.46%
2010-05-26,78.7,1.09%
2010-05-25,77.85,0.65%
2010-05-24,77.35,-2.83%
2010-05-21,79.6,2.51%
2010-05-20,77.65,-5.71%
2010-05-19,82.35,-2.14%
2010-05-18,84.15,-0.36%
2010-05-17,84.45,-1.75%
2010-05-14,85.95,-2.00%
2010-05-13,87.7,-0.90%
2010-05-12,88.5,3.09%
2010-05-11,85.85,-0.92%
2010-05-10,86.65,5.74%
2010-05-07,81.95,-3.02%
2010-05-06,84.5,-4.63%
2010-05-05,88.6,-2.64%
2010-05-04,91.0,-2.47%
2010-05-03,93.3,1.91%
2010-04-30,91.55,-0.97%
2010-04-29,92.45,-0.96%
2010-04-28,93.35,0.76%
2010-04-27,92.65,-3.79%
2010-04-26,96.3,-0.57%
2010-04-23,96.85,2.76%
2010-04-22,94.25,1.18%
2010-04-21,93.15,-0.37%
2010-04-20,93.5,2.13%
2010-04-19,91.55,-1.29%
2010-04-16,92.75,-2.06%
2010-04-15,94.7,1.99%
2010-04-14,92.85,0.81%
2010-04-13,92.1,-0.22%
2010-04-12,92.3,0.00%
2010-04-09,92.3,1.15%
2010-04-08,91.25,0.05%
2010-04-07,91.2,-0.65%
2010-04-06,91.8,0.38%
2010-04-05,91.45,3.04%
2010-04-01,88.75,2.42%
2010-03-31,86.65,0.52%
2010-03-30,86.2,0.41%
2010-03-29,85.85,2.45%
2010-03-26,83.8,-0.77%
2010-03-25,84.45,-3.04%
2010-03-24,87.1,-1.14%
2010-03-23,88.1,1.15%
2010-03-22,87.1,-0.57%
2010-03-19,87.6,-3.36%
2010-03-18,90.65,-1.89%
2010-03-17,92.4,-0.11%
2010-03-16,92.5,0.65%
2010-03-15,91.9,-1.87%
2010-03-12,93.65,0.54%
2010-03-11,93.15,-0.37%
2010-03-10,93.5,1.30%
2010-03-09,92.3,0.76%
2010-03-08,91.6,-0.81%
2010-03-05,92.35,2.21%
2010-03-04,90.35,-2.22%
2010-03-03,92.4,0.60%
2010-03-02,91.85,0.82%
2010-03-01,91.1,1.96%
2010-02-26,89.35,0.22%
2010-02-25,89.15,1.89%
2010-02-24,87.5,1.21%
2010-02-23,86.45,-2.65%
2010-02-22,88.8,-3.22%
2010-02-19,91.75,1.05%
2010-02-18,90.8,0.72%
2010-02-17,90.15,-0.06%
2010-02-16,90.2,3.44%
2010-02-12,87.2,0.46%
2010-02-11,86.8,3.21%
2010-02-10,84.1,-1.06%
2010-02-09,85.0,2.10%
2010-02-08,83.25,-0.06%
2010-02-05,83.3,-0.77%
2010-02-04,83.95,-5.36%
2010-02-03,88.7,-1.28%
2010-02-02,89.85,2.16%
2010-02-01,87.95,4.52%
2010-01-29,84.15,-2.38%
2010-01-28,86.2,-0.69%
2010-01-27,86.8,-1.31%
2010-01-26,87.95,-1.24%
2010-01-25,89.05,2.36%
2010-01-22,87.0,-2.47%
2010-01-21,89.2,-2.35%
2010-01-20,91.35,-1.14%
2010-01-19,92.4,0.38%
2010-01-15,92.05,-1.55%
2010-01-14,93.5,0.81%
2010-01-13,92.75,1.53%
2010-01-12,91.35,-1.62%
2010-01-11,92.85,-2.11%
2010-01-08,94.85,0.96%
2010-01-07,93.95,-1.00%
2010-01-06,94.9,0.85%
2010-01-05,94.1,1.67%
2010-01-04,92.55,5.23%
2009-12-31,87.95,-1.51%
2009-12-30,89.3,-1.00%
2009-12-29,90.2,-1.10%
2009-12-28,91.2,-0.16%
2009-12-24,91.35,0.11%
2009-12-23,91.25,1.45%
2009-12-22,89.95,0.45%
2009-12-21,89.55,1.65%
2009-12-18,88.1,1.21%
2009-12-17,87.05,0.00%
2009-12-16,87.05,1.46%
2009-12-15,85.8,0.88%
2009-12-14,85.05,5.33%
2009-12-11,80.75,0.19%
2009-12-10,80.6,2.22%
2009-12-09,78.85,-0.06%
2009-12-08,78.9,-1.99%
2009-12-07,80.5,0.19%
2009-12-04,80.35,-0.25%
2009-12-03,80.55,-2.25%
2009-12-02,82.4,-0.90%
2009-12-01,83.15,2.40%
2009-11-30,81.2,-0.12%
2009-11-27,81.3,-3.10%
2009-11-25,83.9,3.33%
2009-11-24,81.2,0.56%
2009-11-23,80.75,0.94%
2009-11-20,80.0,-0.99%
2009-11-19,80.8,-2.94%
2009-11-18,83.25,-1.30%
2009-11-17,84.35,-1.00%
2009-11-16,85.2,2.34%
2009-11-13,83.25,-0.12%
2009-11-12,83.35,-3.19%
2009-11-11,86.1,-0.40%
2009-11-10,86.45,-0.17%
2009-11-09,86.6,3.40%
2009-11-06,83.75,-0.65%
2009-11-05,84.3,2.18%
2009-11-04,82.5,0.00%
2009-11-03,82.5,2.55%
2009-11-02,80.45,0.31%
2009-10-30,80.2,-6.20%
2009-10-29,85.5,4.52%
2009-10-28,81.8,-6.08%
2009-10-27,87.1,1.10%
2009-10-26,86.15,-2.36%
2009-10-23,88.23,-3.10%
2009-10-22,91.05,-0.60%
2009-10-21,91.6,-1.35%
2009-10-20,92.85,-0.70%
2009-10-19,93.5,0.70%
2009-10-16,92.85,-0.32%
2009-10-15,93.15,2.31%
2009-10-14,91.05,1.45%
2009-10-13,89.75,0.50%
2009-10-12,89.3,2.12%
2009-10-09,87.45,0.46%
2009-10-08,87.05,4.13%
2009-10-07,83.6,-0.77%
2009-10-06,84.25,2.87%
2009-10-05,81.9,3.61%
2009-10-02,79.05,-0.50%
2009-10-01,79.45,-4.62%
2009-09-30,83.3,0.18%
2009-09-29,83.15,0.91%
2009-09-28,82.4,1.85%
2009-09-25,80.9,-0.92%
2009-09-24,81.65,-2.45%
2009-09-23,83.7,-1.70%
2009-09-22,85.15,2.47%
2009-09-21,83.1,-1.83%
2009-09-18,84.65,-1.05%
2009-09-17,85.55,-1.38%
2009-09-16,86.75,3.83%
2009-09-15,83.55,2.83%
2009-09-14,81.25,0.56%
2009-09-11,80.8,1.51%
2009-09-10,79.6,3.92%
2009-09-09,76.6,3.16%
2009-09-08,74.25,4.14%
2009-09-04,71.3,2.00%
2009-09-03,69.9,0.06%
2009-09-02,69.86,-0.63%
2009-09-01,70.3,-2.56%
2009-08-31,72.15,-3.02%
2009-08-28,74.4,0.68%
2009-08-27,73.9,-0.14%
2009-08-26,74.0,-0.34%
2009-08-25,74.25,-2.11%
2009-08-24,75.85,0.33%
2009-08-21,75.6,2.93%
2009-08-20,73.45,1.10%
2009-08-19,72.65,1.40%
2009-08-18,71.65,1.92%
2009-08-17,70.3,-4.42%
2009-08-14,73.55,-1.61%
2009-08-13,74.75,2.19%
2009-08-12,73.15,1.25%
2009-08-11,72.25,-2.43%
2009-08-10,74.05,1.58%
2009-08-07,72.9,1.11%
2009-08-06,72.1,-1.57%
2009-08-05,73.25,-0.75%
2009-08-04,73.8,0.34%
2009-08-03,73.55,4.33%
2009-07-31,70.5,2.25%
2009-07-30,68.95,2.53%
2009-07-29,67.25,-2.68%
2009-07-28,69.1,-1.22%
2009-07-27,69.95,-0.43%
2009-07-24,70.25,1.59%
2009-07-23,69.15,3.91%
2009-07-22,66.55,0.08%
2009-07-21,66.5,-0.30%
2009-07-20,66.7,2.22%
2009-07-17,65.25,1.01%
2009-07-16,64.6,2.22%
2009-07-15,63.2,3.69%
2009-07-14,60.95,2.87%
2009-07-13,59.25,1.80%
2009-07-10,58.2,-0.09%
2009-07-09,58.25,3.10%
2009-07-08,56.5,-1.31%
2009-07-07,57.25,-2.30%
2009-07-06,58.6,-4.09%
2009-07-02,61.1,-4.23%
2009-07-01,63.8,-0.08%
2009-06-30,63.85,-0.31%
2009-06-29,64.05,0.95%
2009-06-26,63.45,-0.94%
2009-06-25,64.05,2.99%
2009-06-24,62.19,1.29%
2009-06-23,61.4,-1.13%
2009-06-22,62.1,-7.11%
2009-06-19,66.85,-1.33%
2009-06-18,67.75,-2.38%
2009-06-17,69.4,-2.05%
2009-06-16,70.85,-3.21%
2009-06-15,73.2,-2.53%
2009-06-12,75.1,-1.44%
2009-06-11,76.2,3.25%
2009-06-10,73.8,1.17%
2009-06-09,72.95,1.11%
2009-06-08,72.15,-0.89%
2009-06-05,72.8,-0.48%
2009-06-04,73.15,3.39%
2009-06-03,70.75,-5.92%
2009-06-02,75.2,-0.73%
2009-06-01,75.75,4.48%
2009-05-29,72.5,2.76%
2009-05-28,70.55,4.60%
2009-05-27,67.45,-0.22%
2009-05-26,67.6,3.05%
2009-05-22,65.6,-0.15%
2009-05-21,65.7,-3.03%
2009-05-20,67.75,-0.01%
2009-05-19,67.76,-0.28%
2009-05-18,67.95,7.86%
2009-05-15,63.0,-3.96%
2009-05-14,65.6,1.17%
2009-05-13,64.84,-5.69%
2009-05-12,68.75,-1.01%
2009-05-11,69.45,-4.00%
2009-05-08,72.34,6.96%
2009-05-07,67.63,-2.06%
2009-05-06,69.05,4.70%
2009-05-05,65.95,-3.44%
2009-05-04,68.3,8.07%
2009-05-01,63.2,5.07%
2009-04-30,60.15,-1.15%
2009-04-29,60.85,2.27%
2009-04-28,59.5,1.54%
2009-04-27,58.6,-1.84%
2009-04-24,59.7,3.74%
2009-04-23,57.55,2.22%
2009-04-22,56.3,-1.57%
2009-04-21,57.2,2.69%
2009-04-20,55.7,-8.24%
2009-04-17,60.7,3.94%
2009-04-16,58.4,2.55%
2009-04-15,56.95,-0.61%
2009-04-14,57.3,-0.69%
2009-04-13,57.7,1.05%
2009-04-09,57.1,5.55%
2009-04-08,54.1,2.66%
2009-04-07,52.7,-4.09%
2009-04-06,54.95,-2.31%
2009-04-03,56.25,4.17%
2009-04-02,54.0,6.30%
2009-04-01,50.8,2.11%
2009-03-31,49.75,-0.10%
2009-03-30,49.8,-5.68%
2009-03-27,52.8,-5.04%
2009-03-26,55.6,1.65%
2009-03-25,54.7,0.92%
2009-03-24,54.2,-2.87%
2009-03-23,55.8,9.52%
2009-03-20,50.95,-4.41%
2009-03-19,53.3,5.02%
2009-03-18,50.75,1.60%
2009-03-17,49.95,4.80%
2009-03-16,47.66,1.95%
2009-03-13,46.75,-0.74%
2009-03-12,47.1,5.13%
2009-03-11,44.8,0.90%
2009-03-10,44.4,5.46%
2009-03-09,42.1,-2.09%
2009-03-06,43.0,-1.83%
2009-03-05,43.8,-4.68%
2009-03-04,45.95,4.84%
2009-03-03,43.83,-0.27%
2009-03-02,43.95,-11.66%
2009-02-27,49.75,-1.58%
2009-02-26,50.55,-0.98%
2009-02-25,51.05,0.79%
2009-02-24,50.65,4.65%
2009-02-23,48.4,-6.92%
2009-02-20,52.0,-4.15%
2009-02-19,54.25,0.28%
2009-02-18,54.1,-4.08%
2009-02-17,56.4,-8.37%
2009-02-13,61.55,1.48%
2009-02-12,60.65,0.41%
2009-02-11,60.4,-2.34%
2009-02-10,61.85,-4.26%
2009-02-09,64.6,1.65%
2009-02-06,63.55,2.67%
2009-02-05,61.9,2.79%
2009-02-04,60.22,1.81%
2009-02-03,59.15,1.72%
2009-02-02,58.15,-0.77%
2009-01-30,58.6,-2.50%
2009-01-29,60.1,-2.75%
2009-01-28,61.8,3.87%
2009-01-27,59.5,-0.83%
2009-01-26,60.0,2.04%
2009-01-23,58.8,5.19%
2009-01-22,55.9,-3.45%
2009-01-21,57.9,7.32%
2009-01-20,53.95,-7.62%
2009-01-16,58.4,0.00%
2009-01-15,58.4,0.95%
2009-01-14,57.85,-6.32%
2009-01-13,61.75,2.75%
2009-01-12,60.1,-5.43%
2009-01-09,63.55,-3.86%
2009-01-08,66.1,0.99%
2009-01-07,65.45,-4.24%
2009-01-06,68.35,3.09%
2009-01-05,66.3,5.66%
2009-01-02,62.75,6.54%
